,Manipulator_581_1,Manipulator_581_2,Manipulator_581_3,Manipulator_582_1,Manipulator_582_2,Manipulator_582_3,Manipulator_583_1,Manipulator_583_2,Manipulator_583_3,Manipulator_584_1,Manipulator_584_2,Manipulator_584_3,Manipulator_585_1,Manipulator_585_2,Manipulator_585_3,Manipulator_586_2,Manipulator_586_3,Manipulator_587_1,Manipulator_587_2,Manipulator_587_3,Manipulator_588_1,Manipulator_588_2,Manipulator_588_3,Manipulator_589_1,Manipulator_589_2,Manipulator_589_3,Manipulator_590_1,Manipulator_590_2,Manipulator_590_3,Manipulator_681_1,Manipulator_681_3,Manipulator_682_1,Manipulator_682_2,Manipulator_682_3,Manipulator_683_1,Manipulator_683_2,Manipulator_683_3,Manipulator_684_1,Manipulator_684_2,Manipulator_684_3,Manipulator_685_1,Manipulator_685_2,Manipulator_685_3,Manipulator_686_1,Manipulator_686_2,Manipulator_687_1,Manipulator_687_2,Manipulator_687_3,Manipulator_688_1,Manipulator_688_2,Manipulator_688_3,Manipulator_689_1,Manipulator_689_2,Manipulator_689_3,Manipulator_690_1,Manipulator_690_2,Manipulator_690_3,Manipulator_781_1,Manipulator_781_2,Manipulator_781_3,Manipulator_586_1,Manipulator_681_2,Manipulator_686_3,Manipulator_782_1,Manipulator_782_2,Manipulator_782_3,Manipulator_783_1,Manipulator_783_2,Manipulator_783_3,Manipulator_784_1,Manipulator_784_2,Manipulator_784_3,Manipulator_785_1,Manipulator_785_2,Manipulator_785_3,Manipulator_786_1,Manipulator_786_2,Manipulator_786_3,Manipulator_787_1,Manipulator_787_2,Manipulator_787_3,Manipulator_788_1,Manipulator_788_2,Manipulator_788_3,Manipulator_789_1,Manipulator_789_2,Manipulator_789_3,Manipulator_790_1,Manipulator_790_2,Manipulator_790_3
0,0.0,0.0,0.0,0.0,0.0,0.0,0.0,0.0,0.0,0.0,0.0,0.0,0.0,0.0,0.0,0.0,0.0,0.0,0.0,0.0,0.0,0.0,0.0,0.0,0.0,0.0,0.0,0.0,0.0,0.0,0.0,0.0,0.0,0.0,0.0,0.0,0.0,0.0,0.0,0.0,0.0,0.0,0.0,0.0,0.0,0.0,0.0,0.0,0.0,0.0,0.0,0.0,0.0,0.0,0.0,0.0,0.0,0.0,0.0,0.0,0.0,0.0,0.0,0.0,0.0,0.0,0.0,0.0,0.0,0.0,0.0,0.0,0.0,0.0,0.0,0.0,0.0,0.0,0.0,0.0,0.0,0.0,0.0,0.0,0.0,0.0,0.0,0.0,0.0,0.0
1,0.0,0.0,0.0,0.0,0.0,0.0,0.0,0.0,0.0,0.0,0.0,0.0,0.0,0.0,0.0,0.0,0.0,0.0,0.0,0.0,0.0,0.0,0.0,0.0,0.0,0.0,0.0,0.0,0.0,0.0,0.0,0.0,0.0,0.0,0.0,0.0,0.0,0.0,0.0,0.0,0.0,0.0,0.0,0.0,0.0,0.0,0.0,0.0,0.0,0.0,0.0,0.0,0.0,0.0,0.0,0.0,0.0,0.0,0.0,0.0,0.0,0.0,0.0,0.0,0.0,0.0,0.0,0.0,0.0,0.0,0.0,0.0,0.0,0.0,0.0,0.0,0.0,0.0,0.0,0.0,0.0,0.0,0.0,0.0,0.0,0.0,0.0,0.0,0.0,0.0
2,0.0,0.0,0.0,0.0,0.0,0.0,0.0,0.0,0.0,0.0,0.0,0.0,0.0,0.0,0.0,0.0,0.0,0.0,0.0,0.0,0.0,0.0,0.0,0.0,0.0,0.0,0.0,0.0,0.0,0.0,0.0,0.0,0.0,0.0,0.0,0.0,0.0,0.0,0.0,0.0,0.0,0.0,0.0,0.0,0.0,0.0,0.0,0.0,0.0,0.0,0.0,0.0,0.0,0.0,0.0,0.0,0.0,0.0,0.0,0.0,0.0,0.0,0.0,0.0,0.0,0.0,0.0,0.0,0.0,0.0,0.0,0.0,0.0,0.0,0.0,0.0,0.0,0.0,0.0,0.0,0.0,0.0,0.0,0.0,0.0,0.0,0.0,0.0,0.0,0.0
3,0.0,0.0,0.0,0.0,0.0,0.0,0.0,0.0,0.0,0.0,0.0,0.0,0.0,0.0,0.0,0.0,0.0,0.0,0.0,0.0,0.0,0.0,0.0,0.0,0.0,0.0,0.0,0.0,0.0,0.0,0.0,0.0,0.0,0.0,0.0,0.0,0.0,0.0,0.0,0.0,0.0,0.0,0.0,0.0,0.0,0.0,0.0,0.0,0.0,0.0,0.0,0.0,0.0,0.0,0.0,0.0,0.0,0.0,0.0,0.0,0.0,0.0,0.0,0.0,0.0,0.0,0.0,0.0,0.0,0.0,0.0,0.0,0.0,0.0,0.0,0.0,0.0,0.0,0.0,0.0,0.0,0.0,0.0,0.0,0.0,0.0,0.0,0.0,0.0,0.0
4,0.0,0.0,0.0,0.0,0.0,0.0,0.0,0.0,0.0,0.0,0.0,0.0,0.0,0.0,0.0,0.0,0.0,0.0,0.0,0.0,0.0,0.0,0.0,0.0,0.0,0.0,0.0,0.0,0.0,0.0,0.0,0.0,0.0,0.0,0.0,0.0,0.0,0.0,0.0,0.0,0.0,0.0,0.0,0.0,0.0,0.0,0.0,0.0,0.0,0.0,0.0,0.0,0.0,0.0,0.0,0.0,0.0,0.0,0.0,0.0,0.0,0.0,0.0,0.0,0.0,0.0,0.0,0.0,0.0,0.0,0.0,0.0,0.0,0.0,0.0,0.0,0.0,0.0,0.0,0.1,0.0,0.0,0.0,0.0,0.0,0.0,0.0,0.0,0.0,0.0
5,0.0,0.0,0.0,0.0,0.0,0.0,0.0,0.0,0.0,0.0,0.0,0.0,0.0,0.0,0.0,0.0,0.0,0.0,0.0,0.0,0.0,0.0,0.0,0.0,0.0,0.0,0.0,0.0,0.0,0.0,0.0,0.1,0.0,0.0,0.0,0.0,0.0,0.0,0.0,0.0,0.0,0.0,0.0,0.1,0.0,0.0,0.0,0.0,0.0,0.0,0.0,0.0,0.0,0.0,0.0,0.0,0.0,0.0,0.0,0.0,0.0,0.0,0.0,0.0,0.0,0.0,0.0,0.0,0.0,0.0,0.0,0.0,0.0,0.0,0.0,0.0,0.0,0.0,0.0,0.0,0.0,0.0,0.0,0.0,0.0,0.0,0.0,0.0,0.0,0.0
6,0.0,0.0,0.0,0.0,0.0,0.0,0.0,0.0,0.0,0.0,0.0,0.0,0.0,0.0,0.0,0.0,0.0,0.0,0.0,0.0,0.0,0.0,0.0,0.0,0.0,0.0,0.0,0.0,0.0,0.0,0.0,0.0,0.0,0.0,0.0,0.0,0.0,0.0,0.0,0.0,0.0,0.1,0.0,0.1,0.0,0.0,0.0,0.0,0.0,0.0,0.0,0.0,0.0,0.0,0.0,0.0,0.0,0.0,0.0,0.0,0.1,0.0,0.0,0.0,0.0,0.0,0.0,0.0,0.1,0.0,0.0,0.0,0.0,0.0,0.0,0.0,0.0,0.0,0.0,0.0,0.0,0.0,0.0,0.0,0.0,0.0,0.0,0.0,0.0,0.0
7,0.0,0.0,0.0,0.1,0.0,0.0,0.0,0.0,0.0,0.1,0.0,0.0,0.0,0.0,0.0,0.0,0.0,0.0,0.0,0.0,0.0,0.0,0.0,0.0,0.0,0.0,0.0,0.0,0.0,0.0,0.0,0.0,0.0,0.0,0.0,0.0,0.0,0.0,0.0,0.0,0.0,0.0,0.0,0.1,0.0,0.0,0.0,0.0,0.0,0.0,0.0,0.0,0.0,0.0,0.0,0.0,0.0,0.0,0.0,0.0,0.1,0.0,0.0,0.0,0.0,0.0,0.0,0.0,0.0,0.0,0.0,0.0,0.0,0.0,0.0,0.0,0.0,0.0,0.0,0.0,0.0,0.0,0.0,0.0,0.0,0.0,0.0,0.0,0.0,0.0
8,0.0,0.0,0.0,0.0,0.0,0.0,0.0,0.0,0.0,0.1,0.0,0.0,0.0,0.0,0.0,0.0,0.0,0.0,0.0,0.0,0.0,0.0,0.0,0.0,0.0,0.0,0.0,0.0,0.0,0.0,0.0,0.0,0.0,0.0,0.1,0.0,0.0,0.0,0.0,0.0,0.0,0.0,0.0,0.0,0.0,0.1,0.0,0.0,0.0,0.0,0.0,0.0,0.0,0.0,0.0,0.0,0.0,0.0,0.0,0.0,0.1,0.0,0.1,0.0,0.1,0.0,0.1,0.0,0.1,0.0,0.0,0.0,0.0,0.0,0.1,0.0,0.0,0.0,0.0,0.0,0.0,0.0,0.0,0.0,0.0,0.0,0.0,0.0,0.0,0.0
9,0.0,0.0,0.0,0.0,0.0,0.0,0.0,0.0,0.0,0.0,0.0,0.0,0.0,0.0,0.2,0.0,0.0,0.0,0.0,0.0,0.0,0.0,0.0,0.0,0.1,0.0,0.0,0.0,0.0,0.0,0.0,0.0,0.0,0.0,0.0,0.0,0.0,0.0,0.0,0.0,0.0,0.0,0.0,0.0,0.0,0.0,0.0,0.0,0.0,0.0,0.0,0.0,0.0,0.0,0.0,0.0,0.0,0.0,0.1,0.0,0.1,0.0,0.1,0.1,0.0,0.0,0.0,0.0,0.1,0.0,0.0,0.0,0.0,0.0,0.0,0.1,0.0,0.0,0.1,0.0,0.0,0.0,0.0,0.0,0.0,0.0,0.0,0.0,0.0,0.0
10,0.0,0.0,0.0,0.0,0.0,0.0,0.0,0.0,0.0,0.2,0.0,0.0,0.0,0.0,0.1,0.0,0.1,0.0,0.0,0.0,0.0,0.0,0.1,0.0,0.0,0.0,0.0,0.0,0.0,0.0,0.0,0.0,0.2,0.0,0.0,0.0,0.0,0.0,0.0,0.0,0.0,0.0,0.0,0.0,0.1,0.0,0.0,0.0,0.0,0.0,0.0,0.0,0.0,0.0,0.0,0.0,0.0,0.0,0.0,0.0,0.1,0.0,0.1,0.3,0.0,0.0,0.0,0.0,0.1,0.0,0.0,0.0,0.0,0.0,0.0,0.4,0.1,0.0,0.0,0.0,0.0,0.0,0.0,0.0,0.0,0.0,0.0,0.0,0.0,0.0
11,0.0,0.0,0.0,0.0,0.0,0.0,0.0,0.0,0.0,0.0,0.0,0.0,0.0,0.0,0.0,0.0,0.2,0.0,0.1,0.0,0.0,0.0,0.0,0.0,0.1,0.0,0.0,0.0,0.0,0.0,0.1,0.0,0.1,0.0,0.0,0.0,0.0,0.2,0.1,0.0,0.0,0.0,0.0,0.0,0.2,0.0,0.1,0.0,0.0,0.0,0.0,0.0,0.0,0.0,0.0,0.0,0.0,0.0,0.0,0.0,0.3,0.0,0.2,0.1,0.0,0.0,0.0,0.0,0.3,0.0,0.0,0.0,0.0,0.0,0.0,0.2,0.0,0.0,0.4,0.1,0.0,0.0,0.0,0.0,0.0,0.0,0.0,0.0,0.0,0.0
12,0.0,0.0,0.0,0.0,0.1,0.0,0.0,0.0,0.0,0.0,0.1,0.2,0.0,0.0,0.3,0.0,0.0,0.1,0.0,0.0,0.0,0.0,0.0,0.3,0.1,0.1,0.1,0.0,0.0,0.0,0.0,0.0,0.2,0.0,0.0,0.0,0.0,0.0,0.3,0.1,0.0,0.0,0.0,0.0,0.4,0.0,0.1,0.0,0.3,0.0,0.0,0.0,0.0,0.0,0.0,0.0,0.0,0.0,0.4,0.0,0.0,0.0,0.1,0.1,0.0,0.0,0.0,0.0,0.0,0.0,0.0,0.0,0.0,0.0,0.0,0.2,0.2,0.1,0.1,0.1,0.0,0.0,0.0,0.0,0.0,0.2,0.1,0.0,0.0,0.0
13,0.0,0.1,0.0,0.0,0.0,0.0,0.0,0.0,0.0,0.0,0.0,0.0,0.0,0.0,0.0,0.0,0.0,0.0,0.0,0.0,0.0,0.0,0.1,0.1,0.1,0.1,0.0,0.0,0.0,0.0,0.0,0.0,0.2,0.0,0.1,0.1,0.0,0.1,0.1,0.0,0.0,0.0,0.0,0.3,0.0,0.0,0.1,0.0,0.0,0.0,0.1,0.0,0.0,0.0,0.0,0.0,0.0,0.1,0.2,0.0,0.2,0.0,0.1,0.1,0.4,0.0,0.2,0.0,0.0,0.0,0.0,0.0,0.0,0.0,0.0,0.1,0.2,0.0,0.1,0.3,0.0,0.1,0.1,0.0,0.0,0.2,0.0,0.2,0.3,0.1
14,0.0,0.0,0.0,0.1,0.0,0.1,0.0,0.0,0.0,0.0,0.0,0.0,0.0,0.0,0.0,0.0,0.0,0.0,0.0,0.0,0.0,0.0,0.0,0.2,0.2,0.1,0.0,0.0,0.0,0.0,0.0,0.2,0.1,0.0,0.1,0.1,0.2,0.2,0.3,0.0,0.0,0.0,0.0,0.4,0.3,0.0,0.2,0.0,0.0,0.0,0.0,0.0,0.0,0.0,0.0,0.0,0.0,0.1,0.1,0.0,0.0,0.1,0.2,0.0,0.4,0.0,0.3,0.3,0.3,0.1,0.0,0.2,0.0,0.0,0.0,0.1,0.2,0.0,0.0,0.1,0.0,0.2,0.0,0.0,0.0,0.2,0.0,0.2,0.4,0.2
15,0.0,0.0,0.1,0.1,0.0,0.2,0.1,0.0,0.0,0.1,0.1,0.1,0.0,0.0,0.0,0.0,0.1,0.2,0.0,0.0,0.0,0.0,0.0,0.1,0.1,0.0,0.1,0.0,0.0,0.0,0.0,0.2,0.2,0.0,0.0,0.1,0.0,0.5,0.1,0.0,0.0,0.1,0.0,0.0,0.2,0.1,0.1,0.1,0.3,0.2,0.0,0.0,0.1,0.0,0.0,0.0,0.1,0.0,0.2,0.1,0.1,0.2,0.2,0.1,0.3,0.1,0.3,0.1,0.2,0.2,0.0,0.1,0.0,0.0,0.1,0.1,0.3,0.4,0.2,0.1,0.1,0.0,0.0,0.0,0.1,0.1,0.1,0.1,0.2,0.0
16,0.0,0.1,0.0,0.0,0.1,0.2,0.0,0.0,0.0,0.1,0.0,0.1,0.0,0.4,0.1,0.1,0.0,0.0,0.0,0.0,0.0,0.0,0.0,0.3,0.1,0.0,0.0,0.0,0.0,0.1,0.1,0.1,0.0,0.0,0.1,0.2,0.1,0.7,0.1,0.0,0.1,0.1,0.0,0.2,0.1,0.0,0.2,0.1,0.4,0.0,0.1,0.1,0.2,0.0,0.0,0.0,0.1,0.0,0.1,0.3,0.2,0.2,0.2,0.3,0.1,0.4,0.3,0.3,0.2,0.0,0.1,0.1,0.3,0.0,0.4,0.0,0.3,0.5,0.2,0.0,0.1,0.0,0.0,0.0,0.3,0.4,0.0,0.4,0.4,0.0
17,0.0,0.0,0.1,0.2,0.0,0.1,0.0,0.2,0.0,0.5,0.0,0.0,0.0,0.1,0.0,0.0,0.4,0.1,0.0,0.0,0.0,0.0,0.1,0.2,0.2,0.0,0.0,0.0,0.0,0.1,0.0,0.1,0.2,0.1,0.1,0.0,0.0,0.3,0.3,0.0,0.2,0.3,0.0,0.5,0.2,0.0,0.0,0.0,0.1,0.2,0.2,0.1,0.0,0.0,0.0,0.2,0.0,0.0,0.1,0.0,0.1,0.1,0.0,0.2,0.4,0.2,0.4,0.1,0.2,0.2,0.2,0.0,0.1,0.1,0.2,0.3,0.3,0.7,0.3,0.1,0.1,0.2,0.1,0.1,0.1,0.8,0.0,0.3,0.0,0.1
18,0.0,0.0,0.1,0.0,0.0,0.0,0.0,0.0,0.0,0.1,0.0,0.1,0.0,0.1,0.0,0.0,0.3,0.0,0.0,0.0,0.0,0.0,0.0,0.2,0.1,0.2,0.3,0.0,0.0,0.1,0.0,0.2,0.1,0.3,0.3,0.2,0.1,0.1,0.1,0.0,0.3,0.0,0.0,0.2,0.1,0.2,0.2,0.1,0.2,0.0,0.2,0.0,0.0,0.0,0.0,0.0,0.1,0.0,0.6,0.1,0.3,0.1,0.1,0.4,0.2,0.7,0.2,0.4,0.2,0.2,0.5,0.0,0.2,0.1,0.1,0.2,0.3,0.5,0.2,0.2,0.2,0.2,0.2,0.0,0.2,0.2,0.0,0.5,0.0,0.3
19,0.0,0.1,0.1,0.1,0.1,0.0,0.0,0.1,0.0,0.3,0.0,0.2,0.0,0.1,0.3,0.1,0.0,0.0,0.3,0.0,0.0,0.0,0.2,0.2,0.4,0.2,0.2,0.0,0.0,0.1,0.1,0.0,0.4,0.2,0.2,0.4,0.3,0.5,0.5,0.2,0.4,0.3,0.1,0.2,0.3,0.3,0.1,0.2,0.4,0.2,0.1,0.1,0.0,0.1,0.2,0.2,0.2,0.2,0.2,0.0,0.3,0.3,0.1,0.4,0.1,0.2,0.3,0.3,0.4,0.4,0.3,0.1,0.2,0.1,0.0,0.5,0.5,0.4,0.1,0.1,0.1,0.2,0.5,0.0,0.4,0.5,0.0,0.4,0.1,0.5
20,0.0,0.1,0.1,0.1,0.2,0.0,0.0,0.1,0.1,0.5,0.2,0.2,0.0,0.3,0.3,0.0,0.1,0.0,0.2,0.1,0.0,0.1,0.1,0.6,0.6,0.2,0.2,0.0,0.0,0.1,0.0,0.3,0.4,0.0,0.1,0.4,0.4,0.7,0.7,0.2,0.5,0.3,0.0,0.5,0.4,0.3,0.0,0.4,0.3,0.3,0.0,0.1,0.2,0.1,0.2,0.0,0.1,0.2,0.4,0.2,0.2,0.4,0.4,0.0,0.3,0.6,0.2,0.3,0.5,0.3,0.1,0.0,0.1,0.3,0.0,0.2,0.4,0.7,0.4,0.2,0.3,0.2,0.1,0.0,0.3,0.3,0.1,0.2,0.1,0.4
21,0.1,0.2,0.1,0.0,0.3,0.0,0.0,0.1,0.0,0.2,0.1,0.4,0.0,0.0,0.2,0.1,0.0,0.3,0.5,0.2,0.0,0.0,0.1,0.3,0.3,0.0,0.1,0.1,0.1,0.2,0.0,0.3,0.2,0.5,0.1,0.6,0.3,0.6,0.4,0.2,0.5,0.0,0.1,0.3,0.4,0.3,0.6,0.3,0.4,0.3,0.1,0.1,0.0,0.1,0.1,0.0,0.0,0.1,0.4,0.4,0.3,0.0,0.7,0.2,0.2,0.6,0.6,0.2,0.4,0.1,0.3,0.3,0.3,0.2,0.1,0.5,0.5,0.6,0.3,0.6,0.2,0.4,0.2,0.4,0.2,0.6,0.2,0.5,0.6,0.5
22,0.1,0.1,0.5,0.0,0.2,0.1,0.1,0.0,0.0,0.4,0.4,0.3,0.1,0.1,0.0,0.1,0.2,0.1,0.2,0.1,0.0,0.0,0.0,0.3,0.3,0.1,0.0,0.1,0.1,0.2,0.0,0.6,0.4,0.3,0.0,0.5,0.1,0.7,0.3,0.2,0.7,0.3,0.1,0.5,0.4,0.2,0.3,0.3,0.7,0.5,0.1,0.1,0.1,0.1,0.0,0.1,0.3,0.0,0.1,0.3,0.3,0.3,0.6,0.2,0.2,0.2,0.5,0.6,0.7,0.3,0.1,0.3,0.2,0.5,0.3,0.7,0.3,0.4,0.2,0.2,0.3,0.3,0.2,0.1,0.3,0.3,0.5,0.4,0.6,0.4
23,0.0,0.4,0.2,0.1,0.1,0.2,0.0,0.1,0.0,0.5,0.5,0.5,0.1,0.1,0.1,0.1,0.2,0.4,0.1,0.2,0.0,0.1,0.0,0.6,0.6,0.0,0.0,0.2,0.1,0.1,0.2,0.4,0.4,0.3,0.1,0.6,0.3,0.5,0.4,0.5,0.5,0.2,0.0,0.7,0.4,0.2,0.3,0.3,0.4,0.3,0.2,0.0,0.2,0.3,0.3,0.4,0.0,0.2,0.6,0.2,0.5,0.2,0.4,0.6,0.3,0.4,0.3,0.0,0.5,0.6,0.0,0.4,0.5,0.2,0.2,0.3,0.6,0.2,0.3,0.2,0.1,0.2,0.2,0.6,0.5,0.1,0.3,0.7,0.4,0.3
24,0.1,0.1,0.4,0.1,0.1,0.6,0.3,0.0,0.0,0.6,0.1,0.3,0.3,0.0,0.4,0.4,0.3,0.4,0.1,0.1,0.0,0.0,0.0,0.3,0.5,0.1,0.2,0.2,0.2,0.4,0.1,0.5,0.3,0.3,0.3,0.5,0.5,0.8,0.6,0.1,0.4,0.3,0.1,0.7,0.5,0.2,0.0,0.4,0.5,0.5,0.4,0.4,0.4,0.1,0.2,0.4,0.4,0.0,0.5,0.4,0.2,0.3,0.5,0.6,0.5,0.2,0.2,0.5,0.3,0.4,0.1,0.2,0.7,0.3,0.0,0.5,0.7,0.5,0.4,0.5,0.2,0.6,0.4,0.3,0.4,0.4,0.6,0.2,0.7,0.3
25,0.0,0.4,0.7,0.3,0.5,0.2,0.1,0.2,0.3,0.7,0.2,0.2,0.0,0.1,0.3,0.3,0.1,0.1,0.1,0.3,0.0,0.0,0.0,0.5,0.7,0.1,0.3,0.2,0.2,0.3,0.2,0.4,0.8,0.3,0.4,0.3,0.2,0.7,0.7,0.3,0.2,0.0,0.1,0.4,0.6,0.5,0.2,0.3,0.4,0.1,0.3,0.4,0.3,0.3,0.2,0.3,0.1,0.2,0.5,0.6,0.3,0.1,0.5,0.8,0.4,0.1,0.4,0.5,0.5,0.7,0.2,0.5,0.4,0.3,0.3,0.5,0.7,0.7,0.3,0.3,0.3,0.5,0.6,0.3,0.2,0.7,0.2,0.7,0.5,0.2
26,0.3,0.1,0.4,0.1,0.3,0.5,0.1,0.0,0.0,0.9,0.3,0.2,0.1,0.1,0.3,0.5,0.3,0.5,0.2,0.1,0.0,0.0,0.0,0.4,0.8,0.3,0.2,0.0,0.2,0.3,0.1,0.6,0.8,0.5,0.3,0.4,0.3,0.7,1.0,0.4,0.4,0.2,0.1,0.6,0.8,0.2,0.0,0.3,0.8,0.4,0.3,0.3,0.3,0.3,0.2,0.0,0.1,0.4,0.2,0.3,0.6,0.3,0.6,0.7,0.8,0.6,0.3,0.5,0.6,0.8,0.3,0.4,0.6,0.5,0.4,0.3,0.6,0.8,0.5,0.5,0.3,0.5,0.5,0.2,0.4,0.8,0.3,0.9,0.3,0.8
27,0.0,0.2,0.4,0.1,0.3,0.1,0.1,0.0,0.0,0.5,0.5,0.3,0.0,0.2,0.5,0.9,0.2,0.1,0.1,0.2,0.0,0.0,0.0,1.0,0.5,0.4,0.1,0.0,0.3,0.5,0.5,0.5,0.5,0.5,0.3,0.5,0.5,0.7,0.8,0.4,0.7,0.2,0.2,0.4,0.8,0.4,0.4,0.7,0.9,0.6,0.3,0.4,0.2,0.3,0.3,0.4,0.3,0.5,0.5,0.3,0.6,0.2,0.8,0.7,0.5,0.4,0.5,0.8,0.4,0.5,0.4,0.5,0.2,0.2,0.3,0.4,0.3,0.8,0.4,0.4,0.3,0.6,0.6,0.3,0.4,0.5,0.7,1.0,0.4,0.1
28,0.1,0.2,0.5,0.4,0.7,0.2,0.2,0.1,0.0,0.8,0.7,0.2,0.0,0.3,0.7,0.6,0.4,0.2,0.6,0.2,0.0,0.0,0.0,0.2,0.4,0.6,0.4,0.1,0.2,0.3,0.2,0.3,0.7,0.1,0.2,0.4,0.5,0.8,0.8,0.5,0.6,0.3,0.2,0.3,0.7,0.4,0.1,0.7,0.7,0.5,0.2,0.6,0.5,0.1,0.2,0.3,0.3,0.2,0.4,0.4,0.5,0.4,0.6,0.7,0.5,0.7,0.4,0.7,0.7,0.7,0.3,0.3,0.5,0.5,0.1,0.5,0.4,0.7,0.3,0.6,0.4,0.7,0.4,0.4,0.3,0.7,0.5,0.9,0.5,0.3
29,0.2,0.2,0.4,0.1,0.5,0.3,0.3,0.3,0.1,0.8,0.4,0.1,0.0,0.2,0.8,0.4,0.5,0.2,0.2,0.2,0.0,0.1,0.1,0.5,0.7,0.2,0.3,0.1,0.1,0.2,0.6,0.7,0.3,0.3,0.2,0.6,0.7,0.6,0.6,0.6,0.3,0.3,0.1,0.8,0.8,0.4,0.4,0.8,0.5,0.2,0.2,0.4,0.2,0.3,0.5,0.2,0.3,0.0,0.8,0.5,0.5,0.3,0.5,0.6,0.7,0.7,0.8,0.2,0.7,0.7,0.2,0.7,0.2,0.3,0.0,0.3,0.7,0.9,0.5,0.7,0.3,0.4,0.4,0.5,0.4,0.5,0.5,0.9,0.4,0.1
30,0.2,0.4,0.2,0.3,0.5,0.2,0.4,0.0,0.0,1.0,0.5,0.2,0.1,0.0,0.4,0.8,0.1,0.3,0.2,0.2,0.0,0.0,0.2,0.5,0.9,0.5,0.5,0.2,0.6,0.5,0.2,0.6,0.2,0.7,0.3,0.8,0.6,0.6,0.7,0.2,0.4,0.4,0.0,0.4,0.8,0.1,0.3,0.9,0.8,0.8,0.3,0.2,0.3,0.3,0.2,0.6,0.3,0.2,0.6,0.0,0.8,0.6,1.0,0.5,0.6,0.4,0.4,0.6,0.3,0.8,0.3,0.7,0.4,0.2,0.3,0.2,0.8,0.9,0.3,0.8,0.2,0.7,0.5,0.7,0.3,0.5,0.4,0.6,0.3,0.8
31,0.1,0.6,0.2,0.2,0.3,0.4,0.3,0.7,0.2,0.9,0.8,0.0,0.1,0.1,0.7,0.4,0.2,0.3,0.2,0.1,0.0,0.2,0.1,0.4,0.7,0.4,0.3,0.4,0.2,0.3,0.1,0.8,0.4,0.7,0.4,0.5,0.8,0.9,0.4,0.2,0.6,0.2,0.1,0.8,0.7,0.1,0.4,0.8,0.4,1.0,0.4,0.4,0.3,0.2,0.4,0.5,0.2,0.1,0.4,0.3,0.5,0.6,1.0,0.7,0.6,0.6,0.5,0.3,0.6,0.8,0.8,0.7,0.3,0.4,0.4,0.5,0.8,0.8,0.4,0.7,0.5,0.6,0.7,0.2,0.6,0.6,0.5,0.5,0.7,0.8
32,0.6,0.4,0.2,0.5,0.8,0.4,0.3,0.3,0.3,1.0,0.8,0.2,0.1,0.0,0.7,0.6,0.6,0.4,0.3,0.1,0.1,0.3,0.2,0.5,0.9,0.7,0.6,0.5,0.3,0.5,0.4,1.0,0.0,0.7,0.4,0.9,0.3,0.8,0.6,0.2,0.8,0.2,0.0,0.9,1.0,0.2,0.9,0.8,0.8,0.7,0.3,0.6,0.3,0.5,0.5,0.5,0.2,0.2,0.6,0.3,0.8,0.3,1.0,0.8,0.7,0.3,0.8,0.8,0.8,0.9,0.3,1.0,0.4,0.4,0.3,0.4,0.7,0.9,0.3,0.7,0.5,0.5,0.7,0.6,0.7,0.5,0.6,0.8,0.7,0.9
33,0.2,0.1,0.3,0.1,0.8,0.4,0.2,0.6,0.4,1.0,0.9,0.5,0.0,0.0,0.7,0.6,0.3,0.4,0.1,0.3,0.1,0.2,0.3,0.3,0.9,0.8,0.3,0.2,0.3,0.5,0.3,0.9,0.1,0.6,0.2,0.6,0.7,0.9,0.9,0.3,0.8,0.5,0.0,0.9,0.9,0.2,0.4,0.9,0.7,0.8,0.4,0.8,0.2,0.6,0.4,0.3,0.5,0.7,0.6,0.3,0.8,0.9,0.8,0.7,0.5,0.4,0.4,0.6,0.8,0.8,0.2,1.0,0.5,0.5,0.2,0.8,0.9,0.9,0.6,0.7,0.5,0.8,0.8,0.3,0.8,0.8,0.6,0.9,0.6,0.8
34,0.3,0.2,0.2,0.2,0.6,0.3,0.2,0.8,0.1,0.9,1.0,0.4,0.1,0.5,0.9,0.9,0.4,0.3,0.3,0.2,0.1,0.1,0.0,0.8,1.0,0.8,0.2,0.2,0.3,0.4,0.3,0.7,0.4,0.7,0.4,0.8,0.5,0.9,1.0,0.1,0.7,0.7,0.3,0.6,0.9,0.2,0.5,0.6,0.8,0.6,0.7,0.5,0.7,0.5,0.6,0.7,0.6,0.5,0.5,0.4,0.8,0.9,0.9,0.8,0.6,0.7,0.4,0.6,0.6,0.9,0.5,0.9,0.2,0.6,0.3,0.7,0.9,0.8,0.7,0.5,0.6,0.9,0.7,0.5,0.7,0.6,0.7,1.0,0.8,0.8
35,0.3,0.1,0.5,0.3,0.6,0.3,0.3,0.3,0.5,0.9,1.0,0.5,0.0,0.4,1.0,0.5,0.4,0.3,0.2,0.2,0.4,0.2,0.3,1.0,1.0,0.7,0.2,0.4,0.2,0.5,0.3,0.8,1.0,0.8,0.7,0.6,0.8,0.6,0.8,0.4,0.4,0.3,0.3,0.8,0.7,0.0,0.6,0.8,0.5,0.5,0.8,0.6,0.3,0.7,0.3,0.8,0.4,0.1,0.6,0.4,1.0,0.6,0.9,0.8,0.7,0.6,0.5,0.6,0.5,1.0,0.8,0.7,0.7,0.7,0.6,0.7,0.9,1.0,0.8,0.7,0.5,0.8,0.5,0.5,0.6,0.3,0.2,1.0,0.9,0.8
36,0.3,0.2,0.9,0.4,0.5,0.3,0.3,0.6,0.0,1.0,1.0,0.6,0.0,0.2,1.0,0.9,0.5,0.6,0.4,0.2,0.2,0.2,0.0,0.9,1.0,0.9,0.5,0.2,0.5,0.4,0.6,1.0,0.9,1.0,0.4,0.8,0.8,0.1,0.8,0.6,0.6,0.4,0.4,0.9,0.9,0.4,0.6,0.6,0.8,0.4,0.7,0.8,0.4,0.4,0.6,0.3,0.6,0.4,0.6,0.6,0.9,0.8,1.0,0.8,0.8,0.7,0.5,0.2,0.8,0.7,0.8,0.8,0.6,0.3,0.2,0.6,0.8,0.8,0.7,0.8,0.4,0.7,0.7,0.4,0.5,0.5,0.4,1.0,0.7,0.9
37,0.2,0.4,0.4,0.3,0.8,0.4,0.4,0.5,0.2,1.0,0.9,1.0,0.4,0.2,0.9,0.9,0.4,0.6,0.3,0.2,0.0,0.2,0.2,0.9,1.0,0.9,0.6,0.4,0.0,0.7,0.4,0.9,0.5,0.6,0.8,0.7,0.4,0.7,0.9,0.5,0.9,0.5,0.1,0.9,0.8,0.5,0.7,1.0,0.9,0.7,1.0,0.5,0.7,0.5,0.3,0.7,0.7,0.4,0.7,0.7,1.0,0.8,0.9,0.9,0.7,0.5,0.5,0.3,0.5,0.6,0.7,0.7,0.8,0.4,0.2,0.8,1.0,1.0,0.7,0.5,0.7,0.7,0.5,0.3,1.0,0.7,0.7,1.0,0.9,1.0
38,0.4,0.5,0.8,0.1,0.8,0.2,0.4,0.7,0.3,1.0,1.0,0.7,0.5,0.2,0.9,0.8,0.7,1.0,0.0,0.2,0.0,0.5,0.3,1.0,1.0,0.9,0.2,0.3,0.3,0.7,0.4,0.8,0.5,0.6,0.8,0.9,0.5,0.7,0.9,0.4,0.9,0.5,0.3,0.9,0.6,0.7,0.9,0.7,1.0,1.0,0.9,0.8,1.0,0.6,0.5,0.7,0.3,0.2,0.4,0.7,0.7,0.9,1.0,0.8,0.7,0.6,0.7,0.4,0.7,0.3,0.7,1.0,0.9,0.5,0.5,0.7,1.0,0.9,0.3,0.5,0.5,0.7,1.0,0.2,0.9,0.8,0.6,1.0,0.7,0.9
39,0.2,0.2,1.0,0.2,0.8,0.5,0.6,0.3,0.1,1.0,1.0,0.8,0.6,0.2,1.0,0.5,0.6,0.9,0.2,0.3,0.2,0.5,0.3,1.0,1.0,0.8,0.1,0.4,0.1,0.5,0.8,1.0,0.7,1.0,0.6,0.8,0.6,0.7,0.9,0.8,0.9,0.3,0.1,1.0,0.7,0.5,0.8,1.0,0.8,0.7,0.5,0.6,0.5,0.9,0.7,0.5,0.6,0.3,0.6,0.4,0.6,0.7,0.9,0.7,0.9,0.4,0.6,0.2,0.6,0.4,0.9,0.9,0.5,0.4,0.1,0.7,1.0,0.8,0.7,0.6,0.5,0.3,0.5,0.4,0.8,0.7,0.6,1.0,0.4,0.8
40,0.3,0.3,1.0,0.5,0.6,0.2,0.4,0.4,0.4,1.0,0.7,0.8,0.5,0.2,0.7,0.7,0.9,0.8,0.3,0.1,0.3,0.6,0.1,1.0,1.0,1.0,0.2,0.4,0.2,0.5,0.8,1.0,0.6,0.3,0.6,0.6,0.6,0.6,0.9,0.6,0.8,0.6,0.4,1.0,0.8,0.6,0.8,1.0,0.9,0.5,0.6,0.9,0.6,0.7,0.7,0.2,0.8,0.4,0.5,0.5,0.7,0.9,1.0,1.0,0.9,0.8,0.7,0.6,0.6,0.5,0.3,0.9,0.8,0.5,0.4,0.8,1.0,0.9,0.6,0.6,0.5,0.4,0.8,0.7,0.9,0.6,0.4,0.9,0.6,0.9
41,0.3,0.3,1.0,0.4,0.8,0.3,0.3,0.4,0.6,1.0,1.0,0.8,0.5,0.1,0.9,0.7,0.8,1.0,0.4,0.2,0.1,0.2,0.1,1.0,1.0,1.0,0.2,0.5,0.3,0.4,0.7,0.9,0.9,0.4,0.5,1.0,0.8,0.8,0.9,0.5,1.0,0.5,0.3,0.8,0.8,0.5,1.0,0.9,0.9,0.8,0.8,0.8,1.0,1.0,0.8,0.6,0.9,0.1,0.8,0.2,1.0,0.9,0.9,1.0,0.8,0.8,0.9,0.5,0.3,0.4,0.6,0.7,0.5,0.6,0.6,0.8,0.9,1.0,0.5,0.3,0.5,0.9,0.8,0.7,0.8,0.7,0.6,1.0,0.8,1.0
42,0.3,0.4,0.9,0.5,0.6,0.2,0.4,0.5,0.4,1.0,1.0,0.9,0.9,0.7,0.9,0.9,0.5,1.0,0.4,0.4,0.0,0.7,0.3,0.9,1.0,0.7,0.0,0.4,0.5,0.3,1.0,1.0,0.7,0.6,0.7,0.8,0.6,0.5,1.0,0.6,0.7,0.6,0.4,0.9,0.9,0.9,0.8,1.0,0.8,0.5,0.9,0.8,0.4,0.7,0.4,1.0,0.5,0.6,0.8,0.2,1.0,0.6,1.0,0.9,0.8,0.6,0.7,0.5,0.5,0.5,1.0,1.0,0.8,0.3,0.5,0.8,1.0,0.7,0.6,0.4,0.5,0.5,0.8,0.7,0.8,0.8,0.5,1.0,0.6,0.8
43,0.2,0.3,1.0,0.6,0.9,0.2,0.4,0.2,0.7,1.0,1.0,1.0,0.7,0.7,1.0,0.9,0.7,0.8,0.2,0.2,0.3,0.5,0.2,1.0,1.0,0.9,0.0,0.3,0.1,0.5,1.0,0.9,0.9,0.7,0.8,1.0,0.8,0.7,0.9,0.6,0.8,0.7,0.4,0.9,1.0,0.7,1.0,1.0,1.0,0.2,1.0,0.6,0.9,0.8,0.3,0.9,0.3,0.5,0.9,0.6,1.0,0.8,0.9,0.9,1.0,0.7,0.7,0.1,0.8,0.6,0.8,1.0,0.2,0.7,0.8,0.8,0.8,0.9,0.7,0.5,0.6,1.0,0.7,0.5,0.9,0.9,0.5,1.0,0.9,0.9
44,0.5,0.5,1.0,0.5,0.8,0.4,0.4,0.5,0.7,0.9,1.0,1.0,0.6,0.8,1.0,0.6,0.8,0.7,0.4,0.3,0.2,0.1,0.4,1.0,1.0,1.0,0.3,0.1,0.4,0.6,0.8,0.8,0.6,0.8,0.7,1.0,0.7,0.9,0.9,0.5,0.8,0.7,0.3,0.9,1.0,1.0,0.9,0.9,1.0,0.3,1.0,0.8,1.0,0.8,0.3,1.0,0.7,0.7,0.7,0.4,1.0,0.9,1.0,0.8,0.9,0.9,0.9,0.8,0.8,0.2,0.9,0.8,0.8,0.6,0.6,0.6,1.0,0.8,0.2,0.6,0.2,0.6,0.4,0.7,0.7,1.0,0.7,1.0,0.7,0.8
45,0.1,0.2,0.9,0.7,1.0,0.1,0.7,0.7,0.2,1.0,1.0,1.0,0.9,0.3,0.9,0.7,0.6,0.9,0.6,0.4,0.3,0.2,0.3,1.0,1.0,1.0,0.1,0.2,0.3,0.5,1.0,0.9,0.4,1.0,0.6,0.6,0.6,0.7,1.0,0.5,0.8,0.4,0.2,0.9,0.8,0.8,0.8,1.0,1.0,0.1,0.9,0.9,0.9,0.8,0.6,0.7,0.7,0.5,0.7,0.4,1.0,1.0,1.0,0.9,0.8,1.0,0.5,0.6,0.7,0.3,0.8,0.9,0.4,0.5,0.5,0.5,1.0,1.0,0.6,0.4,0.5,0.8,0.6,0.6,0.8,0.7,0.7,1.0,0.7,0.7
46,0.3,0.5,0.9,0.5,1.0,0.5,0.7,0.5,0.4,1.0,1.0,1.0,0.9,0.3,0.9,1.0,0.7,0.9,0.9,0.1,0.3,0.2,0.1,1.0,1.0,0.8,0.4,0.8,0.1,0.2,0.9,0.9,0.7,0.9,0.7,0.8,0.5,0.8,0.9,0.5,0.7,0.7,0.3,1.0,0.8,1.0,0.9,0.9,1.0,0.4,0.8,0.6,1.0,0.8,0.6,0.9,1.0,0.6,0.6,0.8,1.0,0.7,1.0,0.9,0.8,0.7,0.5,0.6,0.6,0.4,0.8,1.0,0.7,0.6,0.5,0.9,0.9,0.9,0.7,0.6,0.7,0.8,0.9,0.5,0.7,0.7,0.7,0.9,0.8,1.0
47,0.3,0.3,1.0,0.3,1.0,0.3,0.3,0.3,0.4,1.0,1.0,1.0,0.9,0.3,0.9,1.0,0.7,0.8,0.7,0.3,0.3,0.1,0.2,1.0,1.0,1.0,0.6,0.4,0.1,0.6,0.9,0.7,0.6,0.8,0.5,1.0,0.4,0.9,1.0,0.9,0.9,0.4,0.3,1.0,0.9,0.8,1.0,0.9,0.9,0.7,1.0,0.8,0.9,0.6,0.9,0.8,0.6,0.5,0.5,0.8,1.0,0.9,1.0,0.9,0.9,1.0,0.5,0.6,0.1,0.5,0.9,0.8,0.4,0.7,0.7,1.0,0.6,1.0,0.8,0.5,0.5,0.9,0.6,0.6,0.8,0.9,0.7,1.0,0.6,0.6
48,0.2,0.4,1.0,0.8,0.8,0.9,0.6,0.8,0.5,1.0,1.0,1.0,0.7,0.7,0.9,1.0,0.9,0.8,0.8,0.5,0.2,0.2,0.2,1.0,1.0,1.0,0.3,0.5,0.1,0.6,1.0,0.8,0.8,1.0,0.8,0.8,0.7,1.0,1.0,0.6,0.8,0.6,0.2,0.6,0.9,0.8,0.9,1.0,1.0,0.9,1.0,0.8,0.9,0.6,0.9,0.9,0.5,0.7,0.8,0.6,1.0,1.0,1.0,0.9,0.8,0.7,0.7,0.5,0.3,0.5,0.8,0.9,0.6,0.6,0.2,0.9,0.8,0.7,0.5,0.6,0.6,0.8,0.9,0.6,0.6,0.8,0.4,0.9,0.7,0.7
49,0.4,0.2,1.0,0.7,0.9,0.6,0.5,0.9,0.6,1.0,1.0,1.0,0.9,0.4,1.0,0.9,0.8,1.0,1.0,0.2,0.3,0.2,0.4,1.0,1.0,1.0,0.6,0.7,0.4,0.5,0.8,0.9,1.0,0.9,0.9,0.7,0.5,1.0,1.0,0.6,0.8,0.5,0.2,1.0,1.0,0.8,0.6,1.0,0.9,0.7,1.0,1.0,1.0,0.8,0.7,1.0,0.5,0.6,0.6,0.6,1.0,0.8,1.0,0.9,0.9,0.7,0.7,0.6,0.2,0.7,0.9,1.0,0.7,0.6,0.7,0.8,0.6,0.9,0.5,0.3,0.7,0.9,0.4,0.8,0.7,0.7,0.5,1.0,0.7,0.7
50,0.4,0.2,1.0,0.4,1.0,0.4,0.8,0.8,0.3,1.0,1.0,1.0,1.0,0.6,0.8,1.0,1.0,0.8,0.9,0.4,0.2,0.7,0.3,1.0,1.0,1.0,0.6,0.4,0.2,0.5,0.9,1.0,0.8,0.7,1.0,0.9,0.4,0.9,1.0,1.0,0.5,0.5,0.4,1.0,1.0,0.9,0.9,1.0,1.0,0.4,1.0,0.8,0.8,0.9,0.8,0.6,0.7,0.6,0.9,0.6,1.0,0.9,0.8,0.8,0.9,1.0,0.8,0.5,0.3,0.7,0.6,1.0,0.4,0.7,0.6,0.8,1.0,0.9,0.7,0.8,0.7,0.5,0.9,0.6,0.9,0.8,0.7,0.9,0.9,0.9
51,0.5,0.3,1.0,0.5,0.7,0.1,0.3,0.8,0.5,1.0,1.0,1.0,1.0,0.7,0.8,1.0,0.8,0.7,1.0,0.3,0.2,0.4,0.4,1.0,1.0,1.0,0.8,0.3,0.3,0.3,0.7,1.0,0.8,0.8,1.0,0.7,0.4,0.7,0.9,0.9,0.5,0.8,0.4,0.9,1.0,0.9,0.9,0.9,1.0,0.3,1.0,0.9,1.0,0.5,0.9,0.7,0.9,0.2,1.0,0.7,1.0,0.9,1.0,0.9,1.0,0.7,0.7,0.6,0.5,0.9,0.5,1.0,0.7,0.6,0.5,0.9,0.8,0.8,0.5,0.9,0.3,0.8,0.7,0.7,0.7,0.9,0.4,0.8,1.0,0.4
52,0.5,0.4,1.0,0.7,0.6,0.5,0.7,0.8,0.5,1.0,1.0,1.0,1.0,0.6,1.0,0.9,0.9,0.8,1.0,0.3,0.2,0.4,0.4,1.0,1.0,1.0,0.7,0.5,0.3,0.6,0.9,1.0,0.9,0.7,0.7,0.5,0.8,1.0,0.9,0.9,0.5,0.9,0.5,1.0,0.9,0.8,0.7,0.9,0.8,0.3,1.0,0.7,0.9,0.7,0.7,0.9,0.7,0.3,0.9,0.8,1.0,0.8,1.0,0.9,0.8,0.9,0.6,0.5,0.8,0.7,0.6,1.0,0.7,0.4,0.8,1.0,1.0,0.9,0.4,0.6,0.6,0.5,0.5,0.8,0.8,0.8,0.6,0.9,0.9,0.9
53,0.4,0.1,1.0,0.7,1.0,0.1,0.6,1.0,0.6,1.0,1.0,1.0,1.0,0.7,0.9,1.0,0.9,0.7,0.9,0.5,0.1,0.6,0.6,1.0,1.0,1.0,0.9,0.7,0.4,0.6,0.9,0.9,1.0,0.9,0.8,0.8,0.6,0.8,1.0,0.9,0.7,0.9,0.5,0.9,0.9,0.9,1.0,0.9,1.0,0.3,1.0,1.0,1.0,0.8,1.0,0.9,0.9,0.7,0.8,0.7,1.0,1.0,0.8,1.0,0.9,0.8,0.8,0.4,0.4,0.5,0.4,1.0,0.8,0.5,0.5,0.8,0.8,1.0,0.6,0.8,0.5,0.7,1.0,0.8,1.0,0.7,0.7,1.0,1.0,0.6
54,0.1,0.1,1.0,0.2,0.9,0.3,0.6,1.0,1.0,1.0,1.0,1.0,1.0,0.7,0.8,1.0,0.6,1.0,0.8,0.2,0.2,0.9,0.2,1.0,1.0,1.0,0.8,0.7,0.2,0.8,0.8,1.0,0.9,0.8,0.8,0.9,0.8,1.0,1.0,0.8,0.6,0.9,0.5,1.0,0.7,0.9,1.0,0.7,0.9,0.3,0.9,0.8,1.0,0.3,0.9,0.7,0.9,0.4,0.9,0.7,1.0,0.7,0.8,0.9,1.0,0.8,0.7,0.4,0.3,0.5,0.7,0.9,0.6,0.4,0.5,1.0,0.8,0.8,0.2,0.4,0.7,0.8,0.9,0.9,0.8,0.9,0.6,1.0,0.7,0.9
55,0.4,0.2,1.0,0.9,1.0,0.3,0.6,0.9,0.8,1.0,1.0,1.0,0.9,0.8,1.0,1.0,1.0,0.9,1.0,0.6,0.2,0.6,0.3,1.0,1.0,1.0,0.9,0.9,0.2,0.8,0.8,1.0,1.0,1.0,0.8,0.7,0.7,0.9,0.8,0.8,0.9,0.7,0.2,1.0,1.0,0.9,0.9,0.9,0.9,0.9,0.9,0.6,1.0,0.8,1.0,0.8,0.9,0.5,0.7,0.8,1.0,0.6,1.0,0.9,0.9,0.9,0.7,0.4,0.8,0.6,0.7,1.0,0.6,0.8,0.5,1.0,1.0,1.0,0.4,0.5,0.6,0.6,0.6,0.8,0.8,0.9,0.7,1.0,1.0,0.9
56,0.3,0.4,1.0,0.7,0.8,0.3,0.5,1.0,0.7,1.0,1.0,1.0,1.0,0.8,1.0,1.0,0.9,1.0,0.8,0.4,0.4,0.8,0.4,1.0,1.0,1.0,0.9,0.9,0.6,0.8,0.7,0.9,0.8,0.6,0.7,0.8,0.4,0.7,1.0,1.0,0.7,0.8,0.7,0.9,0.8,0.9,0.8,0.7,0.9,0.8,0.9,0.6,0.9,0.5,1.0,1.0,0.9,0.6,0.8,0.4,1.0,0.4,0.9,1.0,0.8,0.8,0.7,0.5,0.8,0.4,0.8,1.0,0.9,0.5,0.5,0.9,0.8,0.9,0.8,0.7,0.6,0.8,0.8,0.5,0.9,0.7,0.5,1.0,0.7,0.9
57,0.2,0.3,1.0,0.6,0.9,0.6,0.5,0.7,0.4,1.0,1.0,1.0,1.0,0.5,1.0,1.0,1.0,1.0,0.7,0.3,0.4,0.7,0.6,1.0,1.0,1.0,0.9,1.0,0.5,0.7,0.8,1.0,0.8,0.9,0.6,0.6,0.6,0.8,0.9,1.0,0.7,1.0,0.9,1.0,0.9,0.8,0.8,0.9,0.9,0.5,0.8,0.7,0.7,0.6,1.0,1.0,0.7,0.3,0.8,0.8,1.0,0.4,1.0,1.0,0.9,1.0,0.8,0.4,0.6,0.9,0.9,1.0,0.6,0.3,0.8,0.8,1.0,1.0,0.6,0.3,0.8,0.8,0.6,0.4,0.8,1.0,0.5,1.0,0.6,0.7
58,0.4,0.5,1.0,1.0,0.8,0.2,0.5,0.8,0.4,1.0,1.0,1.0,1.0,1.0,0.9,1.0,0.9,1.0,0.9,0.5,0.2,0.9,0.4,1.0,1.0,1.0,1.0,0.9,0.6,0.8,1.0,0.8,1.0,0.8,0.4,0.7,0.6,1.0,0.6,0.8,1.0,0.6,0.8,1.0,1.0,1.0,0.8,0.7,0.9,0.6,0.8,0.9,0.8,1.0,1.0,1.0,0.9,0.6,0.8,0.3,1.0,0.2,0.8,1.0,0.8,0.9,0.8,0.5,0.8,0.7,1.0,1.0,0.8,0.7,0.5,0.8,0.8,0.7,0.8,0.7,0.6,0.7,0.7,0.7,1.0,1.0,0.7,1.0,0.7,0.8
59,0.4,0.2,1.0,0.8,1.0,0.7,0.7,0.9,0.5,1.0,1.0,1.0,1.0,0.7,0.8,1.0,0.9,1.0,0.7,0.4,0.6,0.8,0.3,1.0,1.0,1.0,1.0,0.7,0.8,0.3,0.9,0.9,0.9,0.8,0.5,0.8,0.9,1.0,0.7,0.9,0.8,0.7,0.8,1.0,1.0,1.0,0.9,1.0,1.0,0.4,0.8,0.6,0.9,1.0,1.0,0.9,0.9,0.1,0.8,0.8,1.0,0.3,0.9,1.0,0.8,0.6,0.9,0.5,0.5,0.9,0.9,1.0,0.4,0.8,0.4,1.0,1.0,0.9,0.5,0.5,0.9,1.0,0.6,0.6,0.8,1.0,0.6,0.8,1.0,0.8
60,0.4,0.4,1.0,0.8,0.9,0.9,0.5,0.6,0.5,1.0,1.0,1.0,1.0,0.7,1.0,1.0,1.0,1.0,0.9,0.7,0.6,1.0,0.3,1.0,1.0,1.0,0.8,0.9,0.8,0.2,0.9,1.0,0.7,0.8,0.7,0.7,0.6,0.9,0.9,0.8,0.9,0.8,0.9,1.0,0.8,0.7,0.9,0.7,0.8,0.9,1.0,1.0,0.9,0.9,0.9,0.8,0.9,0.7,0.9,0.9,1.0,0.4,0.9,1.0,0.8,0.9,0.9,0.4,0.9,0.4,0.7,1.0,0.9,0.9,0.7,0.8,1.0,1.0,0.4,0.7,0.6,0.7,0.4,0.8,0.5,1.0,0.4,0.9,0.9,0.8
61,0.9,0.5,1.0,0.8,1.0,0.9,0.6,0.9,0.7,1.0,1.0,1.0,1.0,0.5,1.0,0.7,1.0,1.0,0.9,0.5,0.5,0.8,0.3,1.0,1.0,1.0,0.7,0.9,0.8,0.3,0.7,0.9,0.6,0.8,0.6,0.6,0.6,0.9,1.0,0.9,0.5,0.9,0.8,0.9,1.0,0.7,0.5,0.6,0.9,0.9,0.9,1.0,0.9,1.0,0.9,0.9,0.7,0.9,1.0,0.9,1.0,0.3,1.0,0.6,0.9,1.0,0.8,0.5,0.8,0.7,1.0,0.8,0.9,0.7,0.6,0.9,1.0,0.6,0.5,0.4,0.6,1.0,0.6,0.5,1.0,1.0,0.9,0.6,0.9,0.8
62,0.6,0.2,1.0,1.0,0.9,0.6,0.8,0.5,0.5,1.0,1.0,1.0,0.9,0.7,1.0,1.0,0.6,1.0,1.0,0.5,0.3,0.9,0.4,1.0,1.0,1.0,1.0,0.9,0.8,0.6,0.6,0.9,0.5,1.0,0.6,0.6,0.4,1.0,0.9,0.8,1.0,0.6,0.9,0.9,0.9,0.6,0.8,0.7,1.0,1.0,1.0,0.7,1.0,0.9,0.8,0.9,0.8,0.6,1.0,1.0,1.0,0.4,1.0,0.9,0.9,0.9,1.0,0.8,0.6,0.5,0.4,0.8,0.6,0.6,0.5,0.8,1.0,0.7,0.6,0.6,0.5,0.9,0.9,0.6,1.0,0.9,0.8,0.8,0.7,0.9
63,0.7,0.0,1.0,1.0,0.8,1.0,0.7,1.0,0.6,1.0,1.0,1.0,0.9,1.0,1.0,0.9,0.7,0.8,1.0,0.8,0.8,0.7,0.4,1.0,1.0,1.0,0.9,0.7,0.7,0.3,0.8,0.8,0.6,0.8,0.5,0.7,0.7,1.0,1.0,0.9,0.5,0.7,0.9,1.0,1.0,0.6,0.6,0.7,1.0,0.9,0.9,0.6,0.9,0.9,0.9,0.6,1.0,0.6,0.9,0.6,1.0,0.4,0.8,0.6,1.0,0.9,0.6,0.4,0.7,0.5,0.9,1.0,0.9,0.6,0.6,0.9,0.8,0.8,0.3,0.7,0.4,0.9,0.8,0.7,0.6,1.0,0.6,0.5,0.9,0.8
64,0.9,0.3,1.0,1.0,0.9,0.9,0.8,0.7,0.5,1.0,1.0,1.0,1.0,1.0,1.0,0.8,0.9,0.7,1.0,0.4,0.7,0.9,0.2,1.0,1.0,1.0,0.7,1.0,1.0,0.5,0.7,0.8,0.5,0.8,0.3,0.7,0.6,0.8,1.0,1.0,0.5,1.0,0.8,0.9,1.0,0.3,0.7,1.0,1.0,1.0,0.8,0.9,0.8,0.9,0.9,0.9,1.0,0.6,1.0,0.5,1.0,0.7,0.7,0.9,0.9,0.7,0.7,0.9,0.9,0.3,1.0,1.0,0.9,0.8,0.6,0.9,0.5,0.9,0.7,0.5,0.7,0.7,0.8,0.6,0.8,1.0,0.7,0.9,0.6,0.9
65,0.7,0.3,1.0,1.0,0.7,0.6,0.6,0.8,0.8,1.0,1.0,1.0,0.9,1.0,1.0,1.0,1.0,0.8,1.0,0.8,0.7,0.8,0.8,1.0,1.0,1.0,0.9,0.8,0.8,0.7,0.6,0.9,0.8,1.0,0.6,0.9,0.6,1.0,1.0,0.9,0.9,0.9,0.8,0.8,0.8,0.8,0.8,0.8,1.0,1.0,1.0,0.8,0.9,0.9,0.9,1.0,1.0,0.8,0.9,0.8,1.0,0.5,1.0,1.0,1.0,1.0,0.8,0.5,0.8,0.5,0.9,0.9,0.9,0.4,0.4,0.7,1.0,0.7,0.4,0.6,0.9,0.9,0.5,0.4,1.0,0.8,0.4,0.8,0.9,0.8
66,0.5,0.1,1.0,1.0,1.0,0.7,0.8,0.7,0.7,1.0,1.0,1.0,0.9,1.0,1.0,1.0,1.0,0.8,1.0,0.8,0.8,0.7,0.3,1.0,1.0,1.0,0.9,0.8,1.0,0.5,0.6,1.0,0.8,1.0,0.7,0.9,0.9,0.9,0.9,0.8,0.7,0.9,0.5,0.8,0.9,0.7,0.7,0.8,1.0,1.0,0.8,0.8,0.7,0.8,0.9,0.8,0.7,0.3,0.9,0.7,1.0,0.7,0.7,1.0,0.9,0.9,0.6,0.4,0.9,0.7,0.9,1.0,0.9,0.6,0.6,0.9,0.9,1.0,0.8,0.5,0.5,0.7,0.6,0.7,0.7,0.9,0.3,0.9,0.9,1.0
67,0.5,0.3,1.0,0.9,0.8,1.0,0.7,0.7,0.4,1.0,1.0,1.0,1.0,1.0,1.0,0.8,1.0,0.9,1.0,1.0,0.6,0.5,0.3,1.0,1.0,1.0,1.0,0.6,0.9,0.6,0.9,1.0,0.9,1.0,0.7,0.9,0.9,1.0,1.0,0.9,0.7,0.9,1.0,1.0,1.0,0.8,0.8,0.9,1.0,1.0,0.9,1.0,0.9,0.9,0.8,0.9,1.0,0.9,0.9,0.2,1.0,0.6,1.0,1.0,0.9,0.9,0.7,0.8,0.6,0.6,0.9,1.0,0.8,0.3,0.7,0.8,1.0,1.0,0.4,0.7,0.4,0.7,0.7,0.8,1.0,1.0,0.6,0.8,0.9,1.0
68,0.6,0.4,1.0,1.0,1.0,0.9,0.7,0.9,0.8,1.0,1.0,1.0,1.0,0.9,0.9,1.0,1.0,0.9,1.0,0.8,0.4,1.0,0.6,1.0,1.0,1.0,0.9,0.8,1.0,0.3,0.8,1.0,0.6,1.0,0.7,1.0,1.0,0.9,0.9,0.7,0.4,1.0,0.7,1.0,0.8,0.9,0.8,0.9,1.0,0.8,0.9,0.5,0.7,0.9,1.0,1.0,0.9,0.6,0.8,0.7,1.0,0.6,1.0,0.9,0.9,0.9,1.0,0.4,0.8,0.4,0.8,1.0,0.7,0.8,0.6,0.6,1.0,0.8,0.3,0.6,0.5,0.8,0.9,0.8,0.7,0.8,0.3,0.5,0.8,1.0
69,0.6,0.2,1.0,1.0,0.9,0.8,0.7,0.7,0.9,1.0,1.0,1.0,1.0,1.0,0.8,1.0,1.0,1.0,1.0,1.0,0.6,0.8,0.6,1.0,1.0,1.0,0.9,0.7,1.0,0.4,0.9,1.0,0.8,1.0,0.5,0.9,0.7,0.9,0.8,1.0,0.7,0.7,0.7,1.0,0.9,0.7,0.9,0.7,0.9,0.9,0.9,0.9,0.8,0.9,0.8,0.9,0.8,0.9,0.6,0.8,1.0,0.7,1.0,1.0,1.0,1.0,0.9,0.5,0.6,0.3,0.7,0.8,1.0,0.7,0.3,1.0,0.9,1.0,0.6,0.6,0.8,1.0,0.5,0.7,1.0,1.0,0.3,0.9,0.8,1.0
70,0.7,0.4,1.0,1.0,0.7,0.9,0.8,0.5,0.9,1.0,1.0,1.0,1.0,1.0,0.9,1.0,0.9,1.0,1.0,1.0,0.6,0.8,0.6,1.0,1.0,1.0,1.0,0.9,0.9,0.3,0.8,0.8,0.8,0.9,0.9,1.0,0.9,0.9,0.8,0.9,0.4,0.5,0.7,0.9,0.8,0.9,0.9,0.8,1.0,1.0,0.9,0.7,0.9,1.0,0.2,0.9,1.0,0.7,0.9,0.7,1.0,0.6,0.6,1.0,0.8,1.0,1.0,0.6,0.8,0.8,0.8,0.7,0.8,0.9,0.6,0.8,0.8,0.9,0.4,0.5,0.8,0.8,0.7,0.8,0.9,1.0,0.3,0.8,0.5,0.9
71,0.8,0.6,1.0,0.9,0.8,1.0,0.7,1.0,0.8,1.0,1.0,1.0,1.0,0.9,0.9,1.0,1.0,1.0,1.0,1.0,0.3,1.0,0.7,1.0,1.0,1.0,0.9,0.6,0.9,0.5,0.8,0.8,0.8,1.0,0.4,0.9,1.0,1.0,1.0,0.8,0.8,1.0,0.6,1.0,0.8,0.5,0.7,0.8,0.9,0.8,1.0,0.8,0.9,1.0,0.8,0.9,1.0,0.6,0.8,0.9,1.0,1.0,1.0,1.0,1.0,0.9,0.9,0.6,0.7,0.2,1.0,1.0,0.9,0.6,0.7,0.1,0.8,0.9,0.6,0.6,0.7,0.8,0.6,0.9,0.8,0.9,0.7,0.9,0.7,0.9
72,1.0,0.5,1.0,1.0,0.9,0.8,0.8,0.4,0.8,1.0,1.0,1.0,1.0,1.0,0.8,1.0,1.0,0.9,1.0,0.6,0.5,0.6,0.9,1.0,1.0,1.0,1.0,1.0,0.7,0.6,0.8,1.0,0.6,1.0,0.5,0.8,0.8,0.8,1.0,0.8,0.6,0.5,0.7,1.0,0.7,0.6,0.8,0.8,1.0,0.9,0.9,0.8,0.8,0.8,0.7,1.0,1.0,0.6,1.0,0.8,1.0,0.6,0.9,1.0,0.8,0.9,0.7,0.5,0.8,1.0,0.7,0.7,0.7,0.8,0.4,0.6,1.0,1.0,0.7,0.4,0.7,0.6,0.6,0.6,0.8,1.0,0.3,0.8,0.8,0.8
73,0.8,0.5,1.0,0.9,0.9,0.8,0.5,0.6,0.9,1.0,1.0,1.0,1.0,1.0,0.7,1.0,1.0,0.9,1.0,0.7,0.5,0.7,0.6,1.0,1.0,1.0,1.0,0.9,1.0,0.2,0.8,0.8,0.7,0.8,0.4,0.8,0.7,1.0,0.9,0.8,0.6,0.5,0.7,0.9,0.8,0.5,1.0,0.8,1.0,1.0,0.9,0.7,0.9,0.7,1.0,0.5,1.0,0.9,0.6,0.6,1.0,0.5,0.7,1.0,0.9,1.0,0.7,0.3,0.6,0.9,0.7,0.8,0.7,0.9,0.4,0.4,0.9,0.8,0.8,0.5,0.7,0.7,0.9,0.8,1.0,1.0,0.5,0.8,0.9,0.7
74,0.7,0.8,1.0,1.0,1.0,1.0,0.9,0.5,0.9,1.0,1.0,1.0,1.0,1.0,0.9,1.0,1.0,1.0,1.0,1.0,0.6,0.7,0.9,1.0,1.0,1.0,1.0,0.8,0.9,0.8,0.7,1.0,0.7,0.9,0.6,0.7,1.0,1.0,1.0,0.8,0.8,0.7,0.5,1.0,0.9,0.6,0.9,0.9,1.0,0.6,1.0,0.8,1.0,0.9,0.9,0.9,0.9,0.9,0.8,0.8,1.0,0.7,1.0,1.0,1.0,1.0,1.0,0.8,0.9,0.6,0.9,0.9,0.7,0.9,0.7,0.5,1.0,1.0,0.5,0.7,0.7,0.9,1.0,1.0,1.0,0.9,0.5,0.9,0.5,0.6
75,0.4,0.4,1.0,0.8,1.0,1.0,0.6,0.7,0.8,1.0,1.0,1.0,1.0,1.0,0.7,1.0,1.0,0.9,1.0,0.6,0.3,0.8,0.8,1.0,1.0,1.0,1.0,0.8,1.0,0.5,0.9,0.7,0.7,0.9,0.8,0.7,0.7,1.0,1.0,1.0,0.8,0.9,0.7,0.9,0.9,0.9,0.8,0.9,1.0,0.8,1.0,0.7,0.8,0.9,0.9,0.9,0.9,0.7,0.9,0.7,1.0,0.6,0.8,1.0,1.0,1.0,0.9,0.8,0.6,0.8,0.9,1.0,0.5,0.8,0.9,0.7,1.0,0.8,0.5,0.4,0.8,0.7,0.5,1.0,0.9,0.9,0.6,0.9,0.5,0.4
76,0.9,0.4,1.0,1.0,0.8,0.9,0.6,0.5,0.8,1.0,1.0,1.0,1.0,0.9,0.8,1.0,1.0,1.0,1.0,0.5,0.5,0.9,0.9,1.0,1.0,1.0,1.0,1.0,1.0,0.5,0.8,0.7,0.7,0.8,0.7,0.6,1.0,0.8,0.9,1.0,0.6,0.6,0.7,1.0,0.9,0.7,0.9,1.0,0.8,1.0,0.9,1.0,0.6,0.6,0.9,0.9,1.0,0.8,0.7,0.7,1.0,0.6,0.7,1.0,0.9,1.0,1.0,0.8,0.7,0.6,1.0,0.9,0.7,0.6,0.7,0.8,0.9,0.7,0.8,0.4,0.9,0.8,0.8,0.8,1.0,0.8,0.4,0.8,0.7,0.7
77,0.7,0.2,1.0,0.9,1.0,1.0,0.4,0.7,0.9,1.0,1.0,1.0,1.0,1.0,0.8,0.9,1.0,1.0,1.0,0.7,0.7,0.9,0.6,1.0,1.0,1.0,1.0,0.7,1.0,0.3,1.0,1.0,0.8,0.7,0.8,0.7,1.0,1.0,0.7,0.9,0.7,0.6,0.8,1.0,0.8,0.8,0.8,0.9,0.9,0.5,0.9,0.5,0.8,0.7,1.0,1.0,1.0,0.9,0.9,0.8,1.0,0.6,0.8,0.9,0.9,1.0,0.9,0.3,0.4,0.8,1.0,0.9,0.7,0.6,0.4,0.9,1.0,0.9,0.3,0.5,0.8,0.6,0.8,0.8,0.8,0.9,0.6,0.8,0.4,0.7
78,0.9,0.5,1.0,0.8,1.0,0.8,1.0,0.5,0.6,1.0,1.0,1.0,1.0,0.9,0.8,1.0,1.0,1.0,1.0,0.9,0.1,1.0,0.6,1.0,1.0,1.0,0.9,1.0,1.0,0.8,0.8,0.9,0.8,0.9,0.8,0.9,1.0,1.0,1.0,0.9,0.7,1.0,0.7,1.0,1.0,0.8,0.8,1.0,0.8,0.6,0.7,0.9,0.6,0.9,1.0,0.9,1.0,0.8,0.9,0.5,1.0,0.9,1.0,0.9,0.9,1.0,0.9,0.7,0.8,0.9,0.9,1.0,0.8,0.5,0.7,0.5,1.0,0.6,0.8,0.7,0.9,0.9,0.6,0.8,0.8,1.0,0.1,1.0,0.6,0.9
79,1.0,0.8,1.0,0.8,0.9,0.7,0.4,0.8,0.6,1.0,1.0,1.0,1.0,0.8,1.0,0.9,1.0,0.9,1.0,0.6,0.8,1.0,0.9,1.0,1.0,1.0,0.9,0.9,1.0,0.7,0.9,0.9,0.9,0.7,0.5,0.7,0.7,0.9,0.9,0.8,0.4,0.4,0.8,1.0,1.0,0.3,0.9,0.8,1.0,1.0,0.8,0.9,0.9,0.8,0.8,1.0,0.8,0.8,0.9,0.8,1.0,0.4,0.9,1.0,0.9,1.0,0.9,0.7,0.6,0.6,0.8,0.9,0.8,0.7,0.7,0.9,1.0,0.8,0.8,0.7,0.7,0.7,0.6,0.6,1.0,1.0,0.5,0.8,0.3,0.8
80,0.8,0.5,1.0,0.9,1.0,0.7,0.3,0.7,0.9,1.0,1.0,1.0,1.0,0.7,1.0,0.9,1.0,0.8,1.0,1.0,0.5,1.0,0.7,1.0,1.0,1.0,0.9,0.9,1.0,0.6,0.8,0.9,0.9,0.8,1.0,0.8,0.7,0.7,0.9,0.8,0.7,0.9,0.8,1.0,0.9,0.7,0.9,0.7,0.8,0.9,0.9,0.5,0.9,0.9,0.8,0.8,0.7,1.0,0.8,0.8,1.0,0.9,0.7,1.0,0.9,0.9,0.8,0.4,0.9,0.7,0.6,0.7,0.7,0.6,0.9,0.8,1.0,0.3,0.4,0.6,0.4,0.4,0.5,0.6,1.0,0.9,0.5,0.8,0.5,0.7
81,0.9,0.5,1.0,1.0,0.9,0.8,0.3,0.8,0.4,1.0,1.0,1.0,1.0,0.9,1.0,1.0,1.0,1.0,1.0,0.7,0.8,0.9,0.5,1.0,1.0,1.0,0.8,0.9,0.9,0.6,0.9,0.9,1.0,0.8,0.6,0.9,0.7,0.9,0.9,1.0,0.8,0.9,0.9,1.0,0.9,0.4,0.8,0.9,0.9,0.6,0.8,0.6,1.0,0.7,1.0,0.9,0.9,0.6,0.9,0.7,1.0,1.0,0.9,1.0,0.9,0.8,0.7,0.8,0.8,0.8,0.9,0.8,0.6,0.5,1.0,0.9,1.0,0.7,0.6,0.2,0.6,0.8,0.7,0.6,1.0,1.0,0.3,0.6,0.6,0.9
82,0.8,0.9,1.0,1.0,1.0,0.5,0.4,0.8,0.9,1.0,1.0,1.0,1.0,1.0,1.0,1.0,1.0,1.0,1.0,0.9,0.6,0.6,0.9,1.0,1.0,1.0,1.0,1.0,1.0,0.7,0.8,1.0,1.0,0.8,0.5,1.0,0.6,0.9,0.8,1.0,0.7,0.8,0.7,1.0,0.9,0.8,0.9,0.6,0.9,0.8,0.9,0.8,0.8,0.5,1.0,0.6,0.9,1.0,0.8,1.0,1.0,0.8,0.8,0.8,0.8,0.8,1.0,0.7,0.8,0.5,0.8,0.9,0.9,0.8,0.3,0.9,1.0,0.5,0.4,0.6,0.7,0.7,1.0,0.3,1.0,0.9,0.5,0.7,0.4,0.8
83,0.9,0.7,1.0,1.0,1.0,0.4,1.0,0.9,1.0,1.0,1.0,1.0,1.0,0.9,0.9,1.0,1.0,1.0,1.0,0.7,0.7,0.9,0.7,1.0,1.0,1.0,0.8,1.0,1.0,0.9,0.9,0.9,0.9,0.9,0.8,0.7,0.8,0.9,0.9,0.8,0.6,0.8,0.6,0.9,1.0,0.9,0.6,0.8,1.0,0.9,1.0,0.6,0.8,0.9,0.8,0.9,1.0,0.9,0.7,0.9,1.0,0.8,1.0,0.9,1.0,0.8,0.7,0.7,0.6,0.6,1.0,0.8,0.6,0.7,0.5,0.8,1.0,0.4,0.9,0.6,0.4,0.7,0.6,0.3,1.0,0.9,0.6,1.0,0.9,0.6
84,1.0,0.7,1.0,1.0,1.0,1.0,1.0,0.6,0.9,1.0,1.0,1.0,1.0,1.0,0.8,1.0,1.0,0.8,1.0,1.0,0.5,0.9,0.7,1.0,1.0,1.0,0.9,0.7,0.9,0.8,0.8,0.8,0.8,1.0,0.9,0.8,0.7,0.9,0.9,0.9,0.4,0.9,0.6,0.8,0.9,1.0,0.9,0.8,0.8,1.0,1.0,0.6,0.9,0.9,0.9,0.7,0.9,0.9,0.6,0.8,1.0,0.7,1.0,0.9,1.0,0.7,0.5,0.8,0.7,0.8,0.8,1.0,0.9,0.5,0.5,0.7,1.0,0.3,0.8,0.4,0.7,0.6,0.9,0.2,1.0,1.0,0.5,1.0,0.9,1.0
85,0.8,0.6,1.0,1.0,0.9,0.9,0.9,0.8,0.9,1.0,1.0,1.0,1.0,0.9,1.0,1.0,1.0,0.8,1.0,0.9,0.7,0.9,0.9,1.0,1.0,1.0,1.0,0.9,0.8,0.7,0.4,0.9,0.7,0.6,0.7,0.8,0.7,1.0,1.0,0.5,0.4,0.8,0.4,1.0,1.0,0.6,1.0,0.7,0.8,0.6,0.7,0.9,0.7,0.9,0.8,1.0,0.8,0.8,1.0,0.8,1.0,0.9,0.9,1.0,1.0,0.8,0.6,0.9,0.4,0.7,0.9,0.8,0.7,0.6,0.5,0.8,1.0,0.6,0.7,0.5,0.8,0.4,0.5,0.5,1.0,0.9,0.4,0.9,1.0,0.8
86,1.0,0.9,1.0,1.0,0.9,1.0,0.7,0.8,0.9,1.0,1.0,1.0,1.0,0.7,1.0,1.0,1.0,1.0,1.0,1.0,0.6,0.8,0.8,1.0,1.0,1.0,1.0,0.9,1.0,0.8,0.6,1.0,0.9,0.7,0.9,0.8,0.7,0.7,0.7,0.8,0.6,0.6,0.4,1.0,0.8,0.8,1.0,0.5,1.0,0.9,0.7,0.6,0.8,0.7,0.8,1.0,0.8,0.6,0.9,0.8,1.0,0.6,0.9,1.0,0.9,0.7,0.7,0.5,0.4,0.8,0.5,0.8,0.4,0.4,0.4,0.9,0.9,0.6,0.6,0.6,0.9,0.7,0.8,0.7,0.9,1.0,0.6,0.7,0.6,0.8
87,1.0,0.9,1.0,1.0,0.8,1.0,0.9,0.8,0.8,1.0,1.0,1.0,1.0,1.0,0.9,1.0,1.0,1.0,1.0,1.0,1.0,1.0,1.0,1.0,1.0,1.0,0.9,0.9,1.0,0.7,0.7,0.9,0.9,1.0,0.9,0.7,0.8,0.8,0.7,1.0,0.7,0.6,0.6,0.8,0.9,0.9,0.9,0.7,0.9,0.8,0.7,0.6,0.4,1.0,1.0,0.9,0.7,0.7,0.9,1.0,1.0,0.6,1.0,1.0,1.0,0.7,0.7,0.7,0.7,0.7,0.8,0.6,0.7,0.5,0.9,0.9,0.9,0.6,0.6,0.7,0.6,0.3,0.8,0.9,0.8,1.0,0.4,0.8,0.9,0.6
88,1.0,1.0,1.0,1.0,0.9,0.8,0.5,0.9,1.0,1.0,1.0,1.0,1.0,1.0,1.0,1.0,1.0,1.0,1.0,1.0,1.0,1.0,0.8,1.0,1.0,1.0,0.9,1.0,0.9,0.5,0.9,1.0,0.7,0.9,0.7,0.5,0.7,0.8,1.0,0.9,0.7,0.8,0.6,1.0,0.9,0.8,0.7,0.5,0.9,0.9,0.8,0.5,0.8,1.0,0.9,0.8,0.9,0.6,1.0,0.5,1.0,1.0,0.7,0.9,1.0,1.0,0.7,0.5,0.4,0.6,0.8,0.8,0.7,0.8,0.5,1.0,1.0,0.6,0.6,0.8,0.6,0.8,0.7,0.5,0.8,1.0,0.4,0.7,0.6,0.7
89,1.0,0.9,1.0,1.0,0.9,1.0,0.9,0.6,0.8,1.0,1.0,1.0,1.0,0.8,1.0,1.0,1.0,1.0,1.0,1.0,1.0,1.0,0.8,1.0,1.0,1.0,0.8,0.8,1.0,0.4,0.5,0.8,0.9,1.0,0.4,0.7,0.9,0.6,1.0,0.9,0.6,0.9,0.6,0.7,0.9,0.6,0.9,0.5,0.9,0.8,0.9,0.6,0.9,0.6,1.0,0.8,1.0,0.7,0.9,0.7,1.0,0.9,1.0,1.0,1.0,0.7,0.8,0.3,0.8,0.8,0.8,0.8,0.5,0.3,0.9,0.8,0.9,0.6,0.5,0.4,0.6,0.8,0.9,0.7,0.8,0.8,0.2,0.8,1.0,0.8
90,0.8,0.9,1.0,1.0,0.9,0.9,0.7,0.8,0.9,1.0,1.0,1.0,1.0,0.5,1.0,1.0,1.0,1.0,1.0,1.0,1.0,1.0,0.9,1.0,1.0,1.0,1.0,0.7,0.9,0.8,1.0,0.8,0.8,0.9,0.7,1.0,0.7,1.0,0.8,1.0,1.0,0.5,0.9,1.0,0.8,0.8,0.9,0.5,0.6,1.0,0.7,0.4,0.6,0.7,0.7,0.8,0.6,0.7,0.9,0.8,1.0,0.7,0.9,0.8,1.0,1.0,0.9,0.6,0.8,0.7,0.9,0.9,0.6,0.5,0.7,1.0,0.9,0.6,0.9,0.6,0.4,0.9,0.7,0.5,0.7,0.8,0.2,0.9,0.7,0.7
91,0.8,1.0,1.0,1.0,1.0,0.9,0.4,1.0,1.0,1.0,1.0,1.0,1.0,0.6,1.0,1.0,1.0,0.9,1.0,1.0,0.9,1.0,1.0,1.0,1.0,1.0,0.9,0.5,1.0,0.6,1.0,0.5,0.9,0.9,0.9,0.9,0.9,0.9,0.8,1.0,0.7,0.6,0.9,0.9,0.9,1.0,0.9,0.8,0.7,0.6,0.9,0.4,0.5,0.9,0.9,0.7,0.7,0.7,0.6,0.6,1.0,0.7,0.9,1.0,1.0,1.0,0.8,0.6,0.6,0.7,0.6,1.0,0.6,0.9,0.7,0.9,0.9,0.8,0.8,0.6,0.8,0.9,0.4,0.4,0.9,1.0,0.3,1.0,0.7,0.7
92,0.8,0.9,1.0,1.0,1.0,0.7,0.6,0.9,1.0,1.0,1.0,1.0,1.0,0.8,1.0,1.0,1.0,1.0,1.0,0.8,0.9,0.8,0.9,1.0,1.0,1.0,0.9,0.8,0.7,0.5,1.0,0.6,0.5,0.7,0.9,0.8,0.9,0.9,0.9,1.0,0.5,0.9,0.8,1.0,0.8,0.7,0.9,0.8,0.6,0.9,0.9,0.3,0.6,0.7,0.9,0.7,0.8,0.7,0.8,0.7,1.0,0.6,0.8,0.8,0.9,0.9,0.7,0.7,0.7,0.6,1.0,1.0,0.2,0.7,0.6,0.8,0.8,0.6,0.8,0.5,0.6,0.8,1.0,0.6,0.7,0.9,0.7,0.9,0.5,1.0
93,1.0,1.0,1.0,1.0,1.0,0.8,0.7,1.0,0.9,1.0,1.0,1.0,1.0,0.8,1.0,1.0,1.0,1.0,1.0,0.9,0.8,0.9,0.7,1.0,1.0,1.0,1.0,0.9,1.0,0.8,0.8,0.7,0.7,0.7,0.8,1.0,0.8,1.0,0.8,0.9,0.5,0.5,0.8,1.0,0.8,0.8,1.0,0.6,0.2,0.9,0.6,0.4,0.7,0.5,0.8,0.8,0.9,0.8,0.8,0.4,1.0,0.8,0.7,0.9,0.8,0.8,0.7,0.6,0.9,0.7,1.0,0.8,0.6,0.8,0.6,0.8,0.9,0.8,0.5,0.6,0.7,0.8,0.8,0.7,0.8,1.0,0.8,1.0,0.6,0.8
94,1.0,0.9,1.0,1.0,0.9,0.7,0.6,1.0,0.9,1.0,1.0,1.0,1.0,0.2,1.0,1.0,1.0,1.0,1.0,0.8,0.6,1.0,0.9,1.0,1.0,1.0,0.9,1.0,0.6,0.8,0.8,0.9,0.8,1.0,0.9,0.7,0.8,0.8,1.0,0.7,0.6,0.5,0.8,0.9,1.0,0.9,0.6,0.8,0.4,0.9,0.8,0.8,0.7,0.4,0.8,1.0,1.0,0.7,0.8,0.7,1.0,0.6,1.0,0.9,1.0,0.8,0.8,0.8,0.8,0.7,1.0,0.8,0.6,0.5,0.8,1.0,1.0,0.8,0.8,0.4,0.8,0.5,0.6,0.7,0.9,1.0,0.2,1.0,0.8,0.8
95,0.9,1.0,1.0,1.0,1.0,0.9,0.5,0.7,1.0,1.0,1.0,1.0,1.0,0.8,1.0,1.0,1.0,1.0,1.0,1.0,0.9,0.5,0.8,1.0,1.0,1.0,1.0,1.0,1.0,0.2,0.9,0.5,0.8,0.9,0.7,0.7,0.9,0.9,0.9,1.0,0.4,0.4,0.6,1.0,0.8,0.8,0.7,0.7,0.9,0.8,0.9,0.5,0.8,0.8,1.0,1.0,1.0,0.5,0.9,0.7,1.0,1.0,0.8,1.0,0.9,0.9,0.8,0.6,0.3,0.9,1.0,0.9,0.9,0.8,0.5,1.0,0.7,1.0,0.8,0.8,0.5,0.6,0.6,0.8,0.9,0.9,0.8,0.9,0.5,0.9
96,0.9,1.0,1.0,1.0,1.0,0.8,0.7,1.0,1.0,1.0,1.0,1.0,1.0,0.8,1.0,1.0,1.0,1.0,1.0,1.0,0.8,0.8,1.0,1.0,1.0,1.0,0.8,1.0,0.9,0.5,1.0,0.6,0.8,1.0,0.6,0.9,0.9,1.0,0.8,1.0,0.6,0.4,1.0,0.8,0.8,0.8,1.0,0.8,0.7,0.9,0.8,0.5,0.7,0.6,1.0,0.8,0.7,0.1,0.9,0.6,1.0,0.7,1.0,0.9,1.0,1.0,0.7,1.0,0.5,0.4,0.7,1.0,0.6,0.6,0.8,1.0,1.0,1.0,1.0,0.3,0.7,0.7,0.6,0.7,0.9,1.0,0.4,1.0,0.8,0.6
97,0.8,1.0,1.0,1.0,1.0,1.0,0.9,1.0,1.0,1.0,1.0,1.0,1.0,0.7,1.0,1.0,1.0,1.0,1.0,1.0,0.7,0.9,0.7,1.0,1.0,1.0,0.9,1.0,0.9,0.6,0.9,0.7,0.9,0.9,0.8,0.8,0.7,0.9,1.0,1.0,0.3,0.3,0.6,0.8,1.0,1.0,0.6,0.4,1.0,0.7,0.8,0.7,0.9,0.7,1.0,0.9,0.8,0.4,0.9,0.6,1.0,0.8,0.8,1.0,1.0,0.9,0.8,0.7,0.8,0.7,1.0,0.5,0.9,0.6,0.9,0.8,1.0,0.8,0.5,0.8,0.8,0.5,0.6,0.6,0.9,1.0,0.7,0.9,1.0,0.6
98,1.0,0.8,1.0,1.0,1.0,1.0,0.8,0.9,1.0,1.0,1.0,1.0,1.0,1.0,1.0,1.0,1.0,1.0,1.0,0.9,0.8,0.7,0.8,1.0,1.0,1.0,0.7,1.0,0.6,0.6,0.9,0.6,0.6,1.0,0.8,0.9,0.7,1.0,0.9,0.9,0.3,0.5,0.7,0.9,0.7,0.9,0.8,0.6,1.0,0.9,1.0,0.5,0.8,0.5,0.9,0.8,0.9,0.6,0.9,0.8,1.0,0.3,1.0,0.9,1.0,1.0,0.8,1.0,0.6,0.3,0.9,0.8,0.6,0.8,0.7,0.9,0.9,0.8,0.5,0.5,0.9,0.7,0.9,0.8,0.8,1.0,0.9,0.8,0.5,0.7
99,1.0,0.7,1.0,1.0,1.0,1.0,0.7,1.0,0.8,1.0,1.0,1.0,1.0,0.8,1.0,1.0,1.0,1.0,1.0,1.0,0.6,0.8,0.8,1.0,1.0,1.0,0.8,1.0,1.0,0.7,0.9,0.6,0.6,0.9,0.9,1.0,1.0,1.0,0.9,1.0,0.5,0.5,0.9,0.7,0.8,1.0,0.9,0.8,1.0,0.5,0.7,0.7,0.7,0.6,0.9,0.8,1.0,0.4,0.9,0.6,1.0,0.7,1.0,0.8,0.8,0.7,0.8,0.9,0.4,0.6,1.0,0.9,0.6,0.6,0.7,0.9,1.0,0.9,0.7,0.6,0.5,0.5,0.7,0.7,0.9,0.9,0.6,0.9,0.9,0.9
100,1.0,1.0,1.0,1.0,1.0,1.0,0.4,0.9,0.9,1.0,1.0,1.0,1.0,0.9,1.0,1.0,1.0,1.0,1.0,1.0,0.7,1.0,0.5,1.0,1.0,1.0,0.9,0.9,0.8,0.5,0.8,1.0,1.0,1.0,0.6,0.8,0.9,0.9,1.0,1.0,0.4,0.7,0.4,1.0,0.7,0.8,0.8,0.7,0.8,0.9,0.8,0.8,0.8,0.8,0.8,0.9,0.8,0.9,0.9,0.8,1.0,0.9,0.9,1.0,0.7,0.9,0.6,0.8,0.5,0.5,0.8,0.8,0.8,0.4,0.6,0.6,1.0,0.7,0.8,0.5,0.8,0.7,0.9,0.5,0.9,1.0,0.7,0.8,0.9,0.8
101,1.0,1.0,1.0,1.0,0.9,0.8,0.3,0.9,0.8,1.0,1.0,1.0,1.0,0.8,1.0,1.0,1.0,1.0,1.0,1.0,0.7,0.9,1.0,1.0,1.0,1.0,0.8,0.9,0.9,0.8,0.9,0.9,0.8,0.9,0.8,0.8,0.9,0.8,1.0,1.0,0.7,0.7,0.8,0.7,0.6,0.9,0.9,0.6,1.0,1.0,1.0,0.3,0.8,0.7,0.8,0.7,0.8,0.9,1.0,0.6,1.0,0.7,1.0,0.8,0.8,1.0,0.6,0.9,0.8,0.3,0.9,0.7,0.7,0.4,0.4,0.9,1.0,0.7,0.9,0.4,1.0,0.6,0.8,0.6,1.0,0.9,0.7,0.8,0.6,0.9
102,0.9,0.5,1.0,1.0,1.0,0.5,0.7,0.8,0.7,1.0,1.0,1.0,1.0,0.5,1.0,1.0,1.0,1.0,1.0,1.0,0.9,0.8,0.9,1.0,1.0,1.0,1.0,0.9,1.0,0.5,0.6,0.7,0.6,0.9,0.6,0.7,0.8,0.7,0.6,0.8,0.4,0.8,0.4,0.9,0.7,0.8,0.7,0.7,0.6,1.0,0.8,0.6,0.9,0.4,1.0,0.5,0.8,0.9,1.0,0.6,1.0,0.7,1.0,1.0,0.6,0.7,0.9,0.8,0.9,1.0,0.7,0.9,0.9,0.6,0.6,0.8,1.0,0.8,0.6,0.5,0.6,0.6,0.6,0.8,0.7,1.0,0.7,0.4,0.7,1.0
103,0.8,0.7,1.0,1.0,0.9,0.6,0.6,1.0,1.0,1.0,1.0,1.0,1.0,0.8,1.0,1.0,1.0,1.0,1.0,1.0,0.8,0.9,0.7,1.0,1.0,1.0,1.0,1.0,1.0,0.7,0.8,0.7,1.0,0.9,0.8,0.8,1.0,0.7,1.0,0.9,0.8,0.9,0.8,0.8,0.6,0.7,0.7,0.8,0.6,1.0,1.0,0.7,0.8,0.6,0.9,0.8,0.8,0.8,0.6,0.5,1.0,0.8,0.9,0.9,0.8,1.0,0.6,0.6,0.8,0.6,0.7,0.7,0.9,0.3,0.5,0.7,0.9,0.9,0.9,0.6,0.7,0.6,0.5,0.9,0.5,0.9,0.9,0.5,0.9,0.8
104,0.9,0.8,1.0,1.0,0.8,0.4,1.0,1.0,0.7,1.0,1.0,1.0,1.0,1.0,1.0,1.0,1.0,1.0,1.0,1.0,0.9,0.9,0.6,1.0,1.0,1.0,1.0,1.0,0.9,0.8,0.5,0.8,0.9,1.0,0.7,0.8,0.5,0.6,0.8,0.8,0.6,0.8,0.7,1.0,0.8,0.7,0.7,0.4,0.8,0.7,0.9,0.4,0.8,0.2,0.9,0.8,0.7,0.8,0.9,0.5,1.0,0.8,0.9,0.9,1.0,0.8,0.5,0.5,0.6,1.0,0.6,0.8,0.6,0.5,0.7,0.8,0.9,0.8,0.8,0.6,0.8,0.8,0.7,0.7,0.8,0.9,0.8,0.8,0.8,0.8
105,0.9,0.7,1.0,1.0,0.9,0.4,0.8,1.0,0.7,1.0,1.0,1.0,1.0,0.8,1.0,1.0,1.0,1.0,1.0,1.0,0.8,0.9,0.5,1.0,1.0,1.0,1.0,0.9,1.0,0.5,0.7,0.9,0.9,0.9,0.8,0.9,1.0,0.6,0.8,1.0,0.7,0.8,1.0,1.0,0.3,0.9,0.8,0.8,0.9,0.7,1.0,0.8,0.6,0.3,0.9,1.0,0.9,0.6,0.8,0.7,1.0,0.8,0.9,1.0,0.9,0.9,0.6,0.7,0.7,0.8,0.9,0.7,0.8,0.2,0.7,1.0,0.9,1.0,0.9,0.6,0.8,0.7,0.8,0.6,1.0,0.6,0.8,1.0,1.0,0.9
106,0.9,0.6,1.0,1.0,0.8,0.6,0.9,0.9,0.9,1.0,1.0,1.0,1.0,0.7,1.0,1.0,1.0,1.0,1.0,0.8,0.8,0.8,0.4,1.0,1.0,1.0,0.9,0.7,1.0,0.4,0.6,0.8,0.8,0.7,1.0,0.8,0.5,0.8,0.8,0.7,0.3,0.9,0.6,0.8,0.5,1.0,0.7,0.8,1.0,0.5,0.8,0.9,1.0,0.8,0.9,1.0,0.9,0.7,0.7,0.8,1.0,0.8,0.9,1.0,0.9,0.6,0.9,0.8,0.9,0.8,0.8,0.9,0.7,0.4,0.6,0.8,1.0,0.8,1.0,0.5,0.7,0.5,0.6,0.9,0.9,0.8,0.7,0.9,1.0,0.9
107,0.7,0.8,1.0,1.0,0.8,0.9,1.0,0.9,1.0,1.0,1.0,1.0,1.0,0.9,1.0,1.0,1.0,1.0,1.0,0.9,0.7,1.0,0.7,1.0,1.0,1.0,1.0,0.9,0.9,0.8,0.9,0.8,0.8,1.0,0.8,0.9,0.6,0.9,0.8,0.9,0.6,0.7,0.7,0.9,0.6,0.8,0.9,0.7,0.9,0.9,1.0,0.8,0.7,0.4,1.0,1.0,0.9,0.8,0.9,0.7,1.0,0.7,0.9,0.9,0.8,1.0,0.6,0.7,0.7,0.7,0.6,0.7,0.7,0.6,0.5,0.8,1.0,1.0,0.8,0.8,0.7,0.5,0.9,0.6,0.5,0.9,0.7,0.5,0.8,0.9
108,0.7,0.7,1.0,1.0,1.0,1.0,0.8,0.8,0.8,1.0,1.0,1.0,1.0,1.0,1.0,1.0,1.0,1.0,1.0,1.0,0.6,0.8,0.8,1.0,1.0,1.0,0.8,1.0,1.0,0.8,1.0,1.0,1.0,1.0,0.8,1.0,0.9,0.7,0.9,1.0,1.0,0.9,0.7,1.0,1.0,0.6,0.8,0.8,1.0,1.0,0.6,0.6,0.5,0.6,1.0,1.0,0.5,0.5,1.0,0.7,1.0,0.2,1.0,0.9,0.8,1.0,0.4,0.9,1.0,0.6,0.3,0.9,0.9,0.5,0.4,0.8,1.0,1.0,0.8,0.5,0.2,0.6,0.8,0.9,0.8,0.8,0.9,0.8,0.6,0.9
109,0.9,0.7,1.0,1.0,1.0,0.9,1.0,0.8,1.0,1.0,1.0,1.0,1.0,0.9,1.0,1.0,1.0,1.0,1.0,0.9,0.6,1.0,0.9,1.0,1.0,1.0,0.9,1.0,1.0,0.8,0.7,0.8,1.0,0.9,0.9,1.0,0.8,1.0,1.0,0.8,0.7,0.7,0.4,0.8,1.0,0.8,0.9,0.6,0.9,1.0,0.8,0.8,0.6,0.6,0.9,1.0,0.9,0.7,1.0,0.9,1.0,0.6,0.8,1.0,0.9,0.8,0.7,0.7,0.7,0.7,0.6,0.8,0.9,0.4,0.7,0.7,1.0,0.9,0.8,0.5,0.6,0.9,0.9,0.5,0.5,1.0,0.9,0.8,0.6,0.9
110,1.0,0.7,1.0,1.0,1.0,1.0,0.4,0.9,1.0,1.0,1.0,1.0,1.0,0.9,1.0,1.0,1.0,1.0,1.0,0.9,0.8,1.0,1.0,1.0,1.0,1.0,0.9,1.0,1.0,1.0,0.8,0.7,0.8,0.8,0.6,0.8,0.6,1.0,1.0,0.9,0.9,0.7,0.8,0.9,0.7,0.8,0.8,0.6,0.9,1.0,0.7,0.9,0.6,0.6,1.0,1.0,1.0,0.7,1.0,0.7,1.0,0.6,0.9,0.9,1.0,0.8,0.9,0.9,0.8,0.8,0.8,0.9,0.4,0.7,0.7,0.7,0.9,0.9,0.6,0.5,0.9,0.5,0.8,0.6,0.8,0.8,0.9,0.7,0.6,0.9
111,0.9,1.0,1.0,1.0,1.0,1.0,0.8,0.9,1.0,1.0,1.0,1.0,1.0,0.6,1.0,1.0,1.0,1.0,1.0,1.0,0.7,0.6,0.7,1.0,1.0,1.0,1.0,1.0,1.0,1.0,0.7,1.0,1.0,0.7,0.5,0.9,0.8,1.0,0.8,1.0,0.8,0.6,0.8,0.9,0.8,0.6,0.6,0.8,1.0,0.8,0.6,0.9,0.9,0.6,0.8,0.7,0.7,0.8,1.0,0.6,1.0,0.5,0.5,0.8,0.9,1.0,0.6,0.5,0.7,0.8,0.6,0.8,0.8,0.8,0.6,0.5,1.0,0.9,0.5,0.7,0.4,0.8,0.8,0.7,0.8,0.8,1.0,0.7,0.9,0.8
112,0.7,0.9,1.0,1.0,1.0,0.9,0.4,0.6,0.9,1.0,1.0,1.0,1.0,0.7,1.0,1.0,1.0,1.0,1.0,0.9,0.4,1.0,0.6,1.0,1.0,1.0,0.7,0.7,0.8,1.0,0.9,1.0,1.0,0.8,0.9,1.0,0.7,1.0,0.6,0.9,1.0,0.5,0.9,1.0,1.0,1.0,1.0,0.9,1.0,0.6,0.9,0.7,0.7,0.7,0.8,0.8,0.4,0.6,1.0,1.0,1.0,0.4,0.8,0.7,0.7,0.5,0.8,0.5,0.8,0.5,0.6,0.8,0.6,0.8,0.8,0.7,1.0,0.9,0.5,0.6,1.0,0.6,0.6,0.5,0.7,0.8,0.9,0.9,0.8,0.8
113,0.7,1.0,1.0,1.0,1.0,1.0,0.4,0.9,1.0,1.0,1.0,1.0,1.0,0.6,1.0,1.0,1.0,1.0,1.0,1.0,0.7,0.9,0.9,1.0,1.0,1.0,0.6,1.0,0.9,0.9,0.7,0.7,1.0,1.0,0.7,0.9,0.6,0.7,0.8,0.6,0.7,0.9,0.3,0.9,1.0,0.8,0.7,0.7,0.8,0.6,0.8,0.5,0.5,0.7,0.9,0.9,1.0,0.8,1.0,0.8,1.0,0.9,0.9,0.6,0.9,0.7,0.9,0.7,0.8,0.8,0.4,1.0,0.8,0.8,0.6,0.9,0.8,0.9,0.8,0.7,0.6,0.8,0.7,0.5,0.9,1.0,0.6,0.6,0.6,0.7
114,0.9,0.8,1.0,1.0,1.0,0.9,0.7,0.9,1.0,1.0,1.0,1.0,1.0,0.9,1.0,1.0,1.0,1.0,1.0,1.0,0.8,1.0,0.8,1.0,1.0,1.0,0.8,1.0,0.9,1.0,0.8,0.6,0.7,0.9,0.3,0.9,0.4,0.8,0.7,0.9,0.8,0.7,0.6,1.0,0.8,0.7,0.7,0.5,1.0,0.7,0.9,0.7,0.4,0.6,0.7,0.9,0.9,0.7,0.9,0.7,1.0,0.8,0.9,0.6,0.9,0.8,0.8,0.7,0.7,1.0,0.6,1.0,0.9,0.7,0.9,0.9,1.0,1.0,0.8,0.5,0.7,0.7,0.8,0.8,0.9,0.9,0.9,0.8,0.9,0.6
115,0.8,0.8,1.0,1.0,1.0,1.0,0.3,0.8,0.8,1.0,1.0,1.0,1.0,0.6,1.0,1.0,1.0,1.0,1.0,1.0,0.8,0.9,0.7,1.0,1.0,1.0,1.0,1.0,0.8,0.9,0.8,0.7,0.8,0.8,0.7,0.9,0.6,0.8,1.0,0.8,0.8,1.0,0.6,0.9,0.8,0.9,0.8,0.7,1.0,0.9,0.7,0.9,0.4,0.6,0.8,0.9,0.9,0.9,0.9,0.8,1.0,1.0,1.0,0.5,0.9,1.0,0.7,0.6,0.6,0.8,0.9,1.0,0.6,0.5,0.8,0.9,1.0,0.9,0.5,0.4,0.5,0.8,0.9,0.7,0.8,0.8,0.6,0.7,0.8,1.0
116,0.6,0.8,1.0,1.0,1.0,1.0,0.7,1.0,0.6,1.0,1.0,1.0,1.0,0.8,1.0,1.0,1.0,1.0,1.0,1.0,0.5,0.8,0.9,1.0,1.0,1.0,0.8,1.0,1.0,0.9,0.8,0.7,0.5,0.9,0.7,0.7,0.9,0.9,1.0,0.8,0.5,0.7,0.7,0.9,0.7,0.6,0.8,0.9,0.8,0.7,1.0,0.5,0.7,0.5,1.0,0.7,0.8,0.9,0.7,0.7,1.0,0.9,1.0,0.9,0.7,0.6,0.8,0.9,0.6,0.7,0.8,0.9,0.7,0.5,0.9,0.9,1.0,0.9,0.7,0.5,0.8,0.4,0.6,0.7,0.9,0.7,0.5,0.6,0.9,1.0
117,0.6,0.5,1.0,1.0,0.9,0.7,0.9,0.9,0.8,1.0,1.0,1.0,1.0,0.8,1.0,1.0,1.0,1.0,1.0,0.8,0.7,0.8,0.9,1.0,1.0,1.0,0.9,1.0,1.0,0.8,0.6,0.8,0.7,0.8,0.7,0.6,0.5,0.8,1.0,0.8,0.8,0.7,0.5,0.9,0.8,1.0,0.8,0.5,1.0,0.9,1.0,0.5,0.3,0.8,0.6,1.0,0.8,0.7,0.9,0.8,1.0,0.9,0.9,0.8,0.9,0.7,0.7,0.7,0.9,0.8,0.7,1.0,0.8,0.5,1.0,0.9,1.0,1.0,0.7,0.5,0.8,0.9,0.7,0.6,0.9,0.7,0.5,0.9,1.0,0.9
118,0.8,0.5,1.0,1.0,1.0,0.8,0.3,1.0,0.9,1.0,1.0,1.0,1.0,0.9,1.0,1.0,1.0,1.0,1.0,0.8,0.7,1.0,0.8,1.0,1.0,1.0,1.0,0.9,1.0,0.6,0.9,0.6,0.9,0.8,0.9,0.7,0.9,0.9,1.0,1.0,0.9,0.8,0.5,0.9,0.9,1.0,0.9,0.9,0.8,0.7,1.0,0.5,0.7,0.6,1.0,1.0,0.9,0.9,0.8,0.9,1.0,0.8,0.7,0.7,0.9,1.0,0.7,0.7,0.8,0.7,0.7,0.9,0.6,0.1,1.0,0.6,1.0,1.0,0.4,0.7,0.5,0.7,1.0,0.8,1.0,0.9,0.8,0.8,0.8,0.8
119,0.9,1.0,1.0,1.0,0.9,0.7,0.7,1.0,1.0,1.0,1.0,1.0,1.0,0.8,1.0,1.0,1.0,1.0,1.0,0.9,0.7,1.0,0.9,1.0,1.0,1.0,0.8,0.8,1.0,0.8,0.4,0.6,0.7,1.0,0.5,0.6,0.8,1.0,0.7,0.7,0.9,0.4,0.6,0.7,1.0,0.8,0.9,0.8,0.9,0.9,0.8,0.6,0.6,0.8,0.9,0.5,0.7,0.9,1.0,0.7,1.0,0.4,1.0,0.8,0.8,0.9,0.7,1.0,0.9,0.6,1.0,0.9,0.7,0.7,0.9,0.8,1.0,0.9,0.6,0.6,0.6,0.5,0.7,0.5,0.8,0.6,0.7,0.8,0.9,0.9
120,1.0,0.9,1.0,1.0,1.0,0.8,1.0,1.0,1.0,1.0,1.0,1.0,1.0,1.0,1.0,1.0,1.0,1.0,1.0,1.0,0.8,0.9,0.8,1.0,1.0,1.0,1.0,0.7,1.0,0.4,0.7,0.8,0.8,1.0,0.5,0.8,1.0,0.9,0.9,0.7,0.4,0.6,0.5,1.0,0.9,0.8,0.8,0.8,0.9,0.9,0.8,0.8,0.3,0.7,0.8,0.9,0.9,0.6,0.9,0.7,1.0,0.8,1.0,0.9,1.0,0.9,0.7,0.7,0.9,0.7,0.5,0.9,0.5,0.4,0.8,0.6,1.0,0.8,0.8,0.6,0.3,0.7,0.8,0.5,0.7,0.6,0.8,0.9,0.8,1.0
121,0.9,1.0,1.0,1.0,1.0,0.9,1.0,1.0,0.8,1.0,1.0,1.0,1.0,1.0,1.0,1.0,1.0,1.0,1.0,0.9,0.7,0.6,1.0,1.0,1.0,1.0,1.0,0.8,1.0,0.6,0.5,0.5,0.7,1.0,0.8,0.7,0.8,0.9,0.9,0.9,0.7,0.3,0.3,0.8,0.8,0.9,0.9,0.8,1.0,0.8,0.7,0.4,0.6,0.8,0.9,0.5,1.0,0.6,1.0,0.8,1.0,0.8,1.0,0.5,0.8,0.8,0.6,0.8,0.3,0.7,0.6,1.0,0.9,0.8,0.7,0.9,1.0,1.0,0.5,0.5,0.5,0.7,0.7,0.9,0.8,0.8,0.7,0.9,0.9,1.0
122,0.4,0.2,1.0,1.0,1.0,0.6,1.0,1.0,1.0,1.0,1.0,1.0,1.0,1.0,1.0,1.0,1.0,1.0,1.0,0.9,0.8,1.0,1.0,1.0,1.0,1.0,1.0,0.6,0.9,0.9,0.9,0.3,0.9,0.8,0.9,0.8,1.0,0.9,0.8,0.9,0.8,0.8,0.8,0.5,1.0,1.0,0.8,0.9,0.9,0.9,0.9,0.7,0.5,0.5,0.9,0.6,0.8,0.8,1.0,0.7,1.0,0.8,1.0,0.8,1.0,0.9,0.8,0.5,0.7,0.6,0.9,0.8,0.8,0.6,0.9,0.8,1.0,0.9,0.7,0.5,0.9,0.6,0.7,0.8,0.9,1.0,0.9,0.8,0.9,0.7
123,0.7,0.4,1.0,1.0,1.0,0.6,0.8,0.8,0.9,1.0,1.0,1.0,1.0,0.9,1.0,1.0,1.0,1.0,1.0,0.8,0.7,0.9,0.8,1.0,1.0,1.0,0.9,0.8,1.0,0.9,0.8,0.7,0.9,1.0,0.8,0.7,0.8,0.9,0.7,0.9,0.5,0.5,0.8,0.9,0.9,1.0,0.8,0.5,0.8,0.9,0.7,0.7,0.5,0.8,0.9,0.8,1.0,0.9,0.9,0.9,1.0,0.6,0.9,0.9,0.7,0.7,0.4,0.7,0.7,0.1,0.8,0.9,0.7,0.9,0.6,0.8,1.0,0.8,0.8,0.3,0.4,0.6,1.0,0.9,0.9,1.0,0.6,0.9,0.8,1.0
124,0.9,0.7,1.0,1.0,1.0,0.8,0.5,0.8,1.0,1.0,1.0,1.0,1.0,1.0,1.0,1.0,1.0,1.0,1.0,0.6,0.9,0.9,0.7,1.0,1.0,1.0,1.0,0.7,1.0,0.6,0.8,0.7,0.6,0.8,0.8,0.8,0.9,1.0,0.9,1.0,0.6,0.7,1.0,1.0,0.4,1.0,0.9,0.9,1.0,0.9,0.9,0.9,0.7,0.7,0.6,0.9,0.8,0.6,0.8,0.9,1.0,0.7,0.9,0.8,0.9,1.0,0.9,0.8,0.7,0.4,0.8,0.9,0.7,1.0,0.6,0.8,1.0,0.9,0.8,0.7,0.7,0.6,0.9,0.8,0.9,1.0,0.8,0.8,1.0,1.0
125,1.0,0.5,1.0,1.0,1.0,0.7,0.5,0.8,0.9,1.0,1.0,1.0,1.0,1.0,1.0,1.0,1.0,1.0,1.0,0.9,0.9,0.8,0.9,1.0,1.0,1.0,0.8,0.6,0.9,0.9,0.7,0.9,0.8,1.0,0.4,0.9,0.6,0.9,0.9,0.9,0.7,0.2,0.4,0.8,1.0,1.0,0.8,0.9,1.0,0.8,0.9,0.8,0.8,0.8,0.8,0.8,1.0,0.4,0.9,0.9,1.0,0.3,0.9,1.0,0.4,1.0,0.7,0.5,0.4,0.7,0.8,1.0,0.4,0.8,0.5,0.8,1.0,0.8,0.9,0.6,0.5,0.9,0.8,0.4,0.9,0.6,0.8,0.8,0.9,0.8
126,0.9,0.6,1.0,1.0,1.0,0.9,0.8,0.7,0.9,1.0,1.0,1.0,1.0,1.0,1.0,1.0,1.0,1.0,1.0,0.8,0.7,0.6,0.9,1.0,1.0,1.0,0.8,0.7,0.9,0.7,0.5,0.9,0.9,0.9,0.7,0.6,0.7,1.0,1.0,0.6,0.6,0.8,0.3,1.0,0.7,0.9,0.9,0.8,1.0,0.9,0.6,0.9,0.6,0.7,1.0,0.9,0.8,0.5,0.9,0.9,1.0,0.8,1.0,0.8,0.9,0.7,0.7,0.4,0.9,0.6,0.7,1.0,0.5,0.7,0.7,0.8,1.0,0.9,0.8,0.2,1.0,0.8,1.0,0.7,1.0,0.7,0.9,0.9,0.9,0.9
127,1.0,0.5,1.0,1.0,1.0,0.8,0.9,0.8,0.9,1.0,1.0,1.0,1.0,1.0,1.0,1.0,1.0,1.0,1.0,0.9,0.8,0.6,1.0,1.0,1.0,1.0,1.0,0.8,0.9,0.8,0.7,1.0,0.8,0.9,0.5,0.8,0.6,0.9,0.9,0.8,0.7,0.6,0.3,1.0,0.9,0.8,0.9,0.7,1.0,1.0,0.9,0.8,0.6,0.8,1.0,1.0,1.0,0.5,0.9,0.5,1.0,0.7,1.0,1.0,1.0,0.9,0.8,0.2,0.3,0.7,0.5,0.8,0.4,0.8,0.7,0.7,1.0,0.9,0.8,0.5,0.6,0.5,0.8,0.7,0.9,0.8,0.4,1.0,1.0,0.9
128,0.8,0.5,1.0,1.0,1.0,0.9,0.9,0.6,0.6,1.0,1.0,1.0,1.0,1.0,1.0,1.0,1.0,1.0,1.0,0.9,0.9,0.9,1.0,1.0,1.0,1.0,0.8,0.5,0.8,0.9,0.5,0.8,0.6,0.8,0.7,0.8,0.8,1.0,0.7,0.6,0.7,0.6,0.3,0.8,0.5,0.9,1.0,0.8,1.0,0.9,0.7,0.7,0.9,0.6,1.0,0.5,0.9,0.7,1.0,0.9,1.0,0.4,0.8,0.9,0.8,0.7,0.9,0.6,0.7,0.8,0.5,1.0,0.7,0.8,0.9,0.8,1.0,1.0,0.7,0.7,0.4,0.5,1.0,0.8,0.8,0.3,0.9,0.7,0.7,0.8
129,0.8,0.8,1.0,1.0,0.9,1.0,0.7,0.7,1.0,1.0,1.0,1.0,1.0,1.0,1.0,1.0,1.0,1.0,1.0,0.8,1.0,0.4,0.7,1.0,1.0,1.0,1.0,0.8,0.9,1.0,0.5,0.8,0.8,1.0,0.7,0.9,0.7,0.9,0.9,0.6,0.5,0.6,0.2,1.0,0.6,1.0,0.8,0.8,1.0,1.0,0.8,0.8,0.5,0.7,0.9,0.8,0.8,0.6,0.9,0.9,1.0,0.7,1.0,0.8,0.5,0.9,0.6,0.6,0.6,0.9,0.6,1.0,0.7,0.6,0.8,0.9,1.0,0.9,0.8,0.6,0.4,0.8,1.0,0.8,0.6,0.7,0.5,0.8,0.8,1.0
130,0.8,0.9,1.0,1.0,0.9,1.0,0.9,0.9,0.8,1.0,1.0,1.0,1.0,1.0,1.0,1.0,1.0,1.0,1.0,0.9,0.8,0.6,0.7,1.0,1.0,1.0,0.9,0.9,0.6,0.8,0.7,0.9,0.8,0.9,1.0,0.6,0.7,0.9,1.0,0.6,0.5,0.6,0.6,0.7,0.7,1.0,0.9,0.8,0.9,0.9,0.9,0.7,0.5,0.9,0.9,0.8,0.6,0.1,0.9,0.9,1.0,0.5,0.9,1.0,0.7,1.0,0.9,0.4,0.6,0.5,0.8,0.7,0.6,0.7,0.8,0.8,1.0,0.9,1.0,0.4,0.7,0.7,0.6,0.8,0.8,0.9,0.6,0.5,0.9,0.8
131,0.6,0.8,1.0,1.0,0.8,1.0,0.8,1.0,0.6,1.0,1.0,1.0,1.0,1.0,1.0,1.0,1.0,1.0,1.0,1.0,0.7,0.5,0.8,1.0,1.0,1.0,1.0,1.0,1.0,0.8,0.8,0.9,1.0,0.7,0.5,1.0,0.9,0.8,0.9,0.9,0.5,0.6,0.9,1.0,0.9,0.9,1.0,0.8,1.0,0.8,0.8,0.7,1.0,0.8,1.0,0.9,0.8,0.7,0.7,0.4,1.0,0.2,0.8,0.9,0.4,0.9,0.7,0.6,0.7,0.6,0.2,0.8,0.8,0.9,0.5,1.0,1.0,1.0,0.6,0.8,0.7,0.3,0.7,0.8,0.7,0.7,0.9,0.9,1.0,0.9
132,0.5,0.8,1.0,1.0,0.8,1.0,0.8,0.9,0.8,1.0,1.0,1.0,1.0,0.9,1.0,1.0,1.0,1.0,1.0,1.0,1.0,0.5,0.7,1.0,1.0,1.0,1.0,0.7,0.7,0.7,0.8,0.9,1.0,0.9,0.8,0.5,0.6,0.8,0.8,0.8,0.7,0.6,0.5,0.8,0.6,0.9,0.5,0.6,0.8,0.5,0.7,0.9,0.8,0.8,0.8,1.0,0.6,0.7,0.7,0.9,1.0,0.6,0.9,0.8,0.5,0.9,0.6,0.2,0.7,0.4,0.5,0.9,0.8,0.8,0.6,0.9,1.0,0.9,0.7,0.5,0.8,0.9,1.0,0.7,0.9,1.0,0.5,0.8,0.8,0.8
133,1.0,0.8,1.0,1.0,0.9,0.9,0.9,1.0,0.6,1.0,1.0,1.0,1.0,0.8,1.0,1.0,1.0,1.0,1.0,0.8,0.9,0.8,1.0,1.0,1.0,1.0,0.9,0.7,0.9,0.8,0.9,0.7,0.7,1.0,0.8,0.9,0.7,0.9,0.9,0.9,0.8,0.9,0.4,0.9,0.7,0.9,0.8,0.8,1.0,0.9,0.8,0.6,1.0,1.0,0.9,0.8,0.8,0.6,0.9,0.9,1.0,0.8,1.0,0.6,0.5,1.0,0.9,0.6,0.5,0.4,0.2,0.9,0.7,0.8,0.7,0.7,1.0,0.9,0.8,0.7,0.8,0.5,0.9,0.6,0.9,0.8,0.8,0.6,0.8,1.0
134,0.7,0.7,1.0,1.0,1.0,0.9,0.9,1.0,0.8,1.0,1.0,1.0,1.0,0.9,1.0,1.0,1.0,1.0,1.0,1.0,0.8,0.9,0.8,1.0,1.0,1.0,0.6,0.5,0.9,0.5,0.9,0.7,0.6,1.0,0.7,1.0,0.7,0.9,1.0,1.0,0.3,0.9,0.6,1.0,0.7,0.9,0.6,0.7,0.9,1.0,0.7,0.8,1.0,0.8,0.7,0.7,0.8,0.8,0.9,0.7,1.0,0.8,0.9,0.6,0.7,0.8,0.6,0.6,0.7,0.5,0.7,1.0,0.7,0.5,0.5,0.8,1.0,1.0,0.8,0.7,0.5,0.6,0.7,0.9,0.7,1.0,0.8,0.9,0.6,0.8
135,0.7,0.8,1.0,1.0,1.0,1.0,0.3,0.8,0.7,1.0,1.0,1.0,1.0,0.9,1.0,1.0,1.0,1.0,1.0,1.0,0.8,0.9,0.5,1.0,1.0,1.0,0.8,0.8,0.9,0.8,0.9,0.9,0.8,1.0,0.7,0.6,0.8,0.9,0.9,0.8,0.6,0.7,0.8,0.9,0.6,1.0,0.6,0.8,0.7,0.7,0.4,0.7,0.8,1.0,0.9,1.0,0.9,0.9,1.0,0.8,1.0,0.8,1.0,0.6,0.7,0.8,0.7,0.5,0.9,0.5,0.8,1.0,0.6,0.6,0.8,0.7,1.0,0.7,0.7,0.6,0.5,0.6,0.8,0.6,0.6,0.8,0.4,0.8,0.8,1.0
136,0.8,0.8,1.0,1.0,1.0,1.0,0.3,1.0,0.5,1.0,1.0,1.0,1.0,0.8,1.0,1.0,1.0,1.0,1.0,1.0,0.5,0.9,0.2,1.0,1.0,1.0,0.7,0.6,1.0,0.7,0.6,1.0,0.9,0.9,0.7,0.8,0.8,1.0,1.0,0.8,0.4,0.8,0.7,1.0,1.0,0.9,0.7,0.8,0.9,0.8,0.8,0.5,0.9,0.8,0.8,1.0,0.6,0.5,0.7,0.4,1.0,1.0,0.9,1.0,0.6,0.7,0.8,0.7,0.7,0.4,0.4,1.0,0.6,0.5,0.8,1.0,1.0,1.0,0.5,0.7,0.8,0.5,0.9,0.8,0.7,0.9,0.6,0.8,0.9,1.0
137,0.5,0.7,1.0,1.0,0.9,1.0,0.1,1.0,0.6,1.0,1.0,1.0,1.0,1.0,1.0,1.0,1.0,1.0,1.0,0.9,1.0,0.7,0.7,1.0,1.0,1.0,0.9,0.9,1.0,0.6,0.7,0.9,1.0,0.9,0.7,0.7,0.7,0.8,0.9,0.8,0.6,0.8,0.3,1.0,0.9,1.0,0.8,0.9,0.9,0.8,0.8,0.6,0.9,1.0,0.9,1.0,0.8,0.6,1.0,0.4,1.0,0.8,1.0,0.9,0.9,0.6,0.8,0.5,0.6,0.9,0.9,1.0,0.8,0.4,0.8,0.9,1.0,0.9,0.7,0.8,1.0,0.7,0.8,0.8,0.9,0.8,0.7,0.8,0.9,1.0
138,0.8,0.9,1.0,1.0,0.6,1.0,0.5,1.0,0.7,1.0,1.0,1.0,1.0,0.7,1.0,1.0,1.0,1.0,1.0,0.9,0.6,0.8,0.7,1.0,1.0,1.0,1.0,0.9,1.0,0.5,0.9,0.9,0.9,0.9,0.5,0.7,0.7,0.8,1.0,0.6,0.5,0.7,0.8,0.8,0.8,0.7,0.6,0.9,0.8,0.9,0.5,0.5,0.4,0.7,1.0,0.8,1.0,0.6,0.8,0.5,1.0,0.8,1.0,1.0,0.7,0.8,0.6,0.8,0.9,0.8,1.0,1.0,0.6,0.7,1.0,0.9,1.0,1.0,0.4,0.8,0.9,0.5,0.9,0.8,0.8,0.9,0.8,0.6,1.0,1.0
139,0.7,0.5,1.0,1.0,0.7,1.0,0.5,0.8,0.8,1.0,1.0,1.0,1.0,1.0,1.0,1.0,1.0,1.0,1.0,1.0,0.6,0.8,0.6,1.0,1.0,1.0,0.8,0.9,1.0,0.4,0.9,0.7,0.6,1.0,0.7,0.8,0.9,0.8,1.0,0.6,0.3,0.5,0.7,1.0,0.8,0.9,1.0,1.0,0.7,0.9,0.4,0.6,0.8,0.7,1.0,0.9,0.7,0.8,1.0,0.3,1.0,0.6,1.0,0.9,0.6,1.0,0.5,0.6,0.7,0.7,0.5,0.9,0.6,0.8,0.8,0.8,1.0,0.8,0.6,0.5,0.5,0.7,1.0,0.8,0.8,0.8,0.6,0.7,0.6,0.9
140,0.7,0.3,1.0,1.0,0.7,1.0,0.6,0.9,0.7,1.0,1.0,1.0,1.0,0.9,1.0,1.0,1.0,1.0,1.0,1.0,0.5,0.9,0.6,1.0,1.0,1.0,0.7,1.0,0.9,0.8,0.9,0.8,0.7,0.7,0.6,0.6,0.8,0.7,1.0,0.7,0.6,0.5,0.5,0.8,0.6,0.9,0.7,0.8,0.7,0.7,0.6,0.9,0.7,0.6,0.8,0.9,0.9,0.8,0.6,0.3,1.0,1.0,1.0,0.8,1.0,1.0,0.6,0.9,1.0,1.0,0.5,1.0,0.5,0.7,1.0,0.8,1.0,0.9,0.6,0.4,0.7,0.7,0.8,0.9,0.7,0.7,0.6,0.8,1.0,1.0
141,0.8,0.7,1.0,1.0,0.9,0.9,0.9,0.9,0.7,1.0,1.0,1.0,1.0,0.6,1.0,1.0,1.0,1.0,1.0,0.8,0.7,0.9,0.9,1.0,1.0,1.0,0.9,0.6,1.0,0.9,1.0,0.9,0.9,0.7,0.6,0.6,0.7,0.8,1.0,0.9,0.5,0.6,0.9,1.0,0.9,0.7,0.7,0.6,0.9,0.9,0.7,0.8,0.7,0.8,1.0,0.9,0.8,0.9,0.5,0.3,1.0,0.7,1.0,0.9,0.8,1.0,0.7,0.6,0.7,0.5,0.7,0.9,0.8,0.5,1.0,1.0,1.0,0.8,1.0,0.7,0.6,0.6,0.9,0.9,0.7,0.9,0.8,0.8,0.7,0.8
142,0.8,0.7,1.0,1.0,1.0,1.0,0.5,1.0,0.7,1.0,1.0,1.0,1.0,0.9,1.0,1.0,1.0,1.0,1.0,1.0,0.9,0.9,0.9,1.0,1.0,1.0,0.8,0.6,0.9,0.7,0.8,0.8,0.9,0.6,0.6,0.5,0.4,0.8,0.9,0.8,0.3,0.7,0.3,1.0,1.0,0.9,0.6,0.8,1.0,1.0,0.9,0.6,0.4,0.7,0.9,1.0,0.7,0.9,0.8,0.5,1.0,0.6,0.8,0.8,1.0,1.0,0.9,0.4,0.8,1.0,1.0,0.9,0.7,0.8,0.8,1.0,1.0,1.0,0.7,0.5,0.6,0.5,0.9,0.8,1.0,0.9,0.6,0.4,0.6,0.8
143,0.8,0.8,1.0,1.0,0.9,0.8,0.5,0.8,0.6,1.0,1.0,1.0,1.0,1.0,1.0,1.0,1.0,1.0,1.0,1.0,1.0,0.8,0.9,1.0,1.0,1.0,0.8,0.6,0.9,0.9,1.0,1.0,1.0,1.0,0.8,0.5,1.0,0.8,1.0,1.0,0.5,0.8,0.5,1.0,0.9,1.0,0.7,1.0,0.9,0.8,0.8,0.7,0.7,0.8,0.9,1.0,0.8,0.4,0.7,0.4,1.0,0.7,1.0,1.0,1.0,1.0,0.6,0.6,0.7,0.8,0.7,0.9,0.4,0.5,0.6,0.9,1.0,0.8,0.5,0.5,0.9,0.7,0.9,0.5,0.6,1.0,0.8,0.9,1.0,0.8
144,0.5,0.9,1.0,1.0,1.0,0.9,0.2,1.0,0.6,1.0,1.0,1.0,1.0,1.0,1.0,1.0,1.0,1.0,1.0,1.0,0.9,0.9,1.0,1.0,1.0,1.0,1.0,0.7,0.9,1.0,0.8,0.5,1.0,0.9,0.4,0.8,0.7,0.9,0.9,0.8,0.7,0.7,0.2,1.0,1.0,0.7,0.8,0.9,1.0,0.9,0.8,0.6,0.7,0.9,0.8,0.8,0.4,0.6,1.0,0.4,1.0,0.6,0.9,0.8,0.8,0.8,0.6,0.5,0.9,0.7,0.8,1.0,0.8,0.8,0.9,0.8,1.0,0.9,0.7,0.9,0.3,0.4,0.8,0.9,0.8,0.8,0.7,0.9,0.8,1.0
145,1.0,0.9,1.0,1.0,1.0,0.9,0.3,1.0,0.5,1.0,1.0,1.0,1.0,1.0,1.0,1.0,1.0,1.0,1.0,0.9,0.9,0.8,0.8,1.0,1.0,1.0,0.9,0.6,0.9,1.0,1.0,1.0,0.7,0.9,0.9,0.9,0.9,0.7,1.0,0.9,0.6,0.5,0.6,1.0,0.9,1.0,0.9,0.9,0.8,0.9,0.6,0.7,0.7,0.5,0.6,0.9,0.7,0.8,1.0,0.5,1.0,0.7,0.8,0.8,0.8,0.9,0.8,0.8,0.8,0.7,0.6,0.9,0.7,0.5,0.8,1.0,1.0,0.7,0.9,0.2,0.5,0.5,0.6,0.5,0.7,0.8,0.6,0.9,0.7,0.8
146,0.9,0.8,1.0,1.0,1.0,0.7,0.9,1.0,0.7,1.0,1.0,1.0,1.0,1.0,1.0,1.0,1.0,1.0,1.0,1.0,0.8,0.6,0.7,1.0,1.0,1.0,0.9,0.5,0.9,1.0,0.8,0.8,0.9,0.9,0.4,0.4,0.9,0.9,1.0,0.6,0.6,0.6,0.3,0.9,0.7,0.9,0.7,0.9,1.0,1.0,1.0,0.5,0.8,0.7,0.7,0.8,0.6,0.6,0.6,0.7,1.0,0.7,0.9,1.0,1.0,0.8,0.9,1.0,0.7,1.0,0.9,0.9,0.6,0.5,1.0,0.8,1.0,0.8,0.5,0.8,0.7,0.4,0.9,0.9,0.8,0.8,0.7,0.9,0.8,0.8
147,0.8,0.9,1.0,1.0,0.9,0.6,0.7,0.9,0.8,1.0,1.0,1.0,1.0,1.0,1.0,1.0,1.0,1.0,1.0,1.0,0.9,0.8,0.7,1.0,1.0,1.0,0.8,0.5,1.0,0.8,1.0,0.9,0.9,0.9,0.6,0.7,0.6,0.7,1.0,1.0,0.7,0.7,0.6,1.0,0.7,1.0,0.7,0.5,0.9,0.9,0.8,0.6,0.5,0.9,0.7,0.6,1.0,0.5,1.0,0.8,1.0,0.7,1.0,1.0,0.9,0.9,0.8,0.7,0.8,0.8,0.9,1.0,0.5,0.7,0.7,0.6,1.0,1.0,0.6,0.5,0.4,0.4,0.8,0.7,0.5,0.7,0.9,0.6,1.0,1.0
148,0.7,0.8,1.0,1.0,0.9,0.8,0.8,0.8,0.5,1.0,1.0,1.0,1.0,1.0,1.0,1.0,1.0,1.0,1.0,1.0,0.8,1.0,0.6,1.0,1.0,1.0,1.0,0.5,1.0,0.8,0.8,0.7,0.7,0.8,0.6,0.6,0.5,0.9,1.0,0.9,0.9,0.8,0.4,0.8,0.8,0.7,0.7,0.5,1.0,0.9,0.6,0.6,0.7,0.8,0.6,0.8,0.8,0.4,0.8,0.5,1.0,0.7,0.9,0.9,0.9,0.7,0.9,0.7,0.5,0.8,0.9,0.9,0.4,0.7,0.8,0.8,1.0,1.0,0.7,0.7,0.6,0.7,0.9,0.3,0.8,0.9,0.9,0.9,0.7,1.0
149,0.9,1.0,1.0,1.0,0.9,1.0,0.6,1.0,0.9,1.0,1.0,1.0,1.0,1.0,1.0,1.0,1.0,1.0,1.0,0.9,0.9,0.8,0.5,1.0,1.0,1.0,0.8,0.5,0.8,0.9,0.8,0.8,1.0,0.8,0.5,0.4,1.0,0.8,1.0,0.7,0.7,0.6,0.6,0.9,1.0,0.8,0.8,0.9,1.0,1.0,1.0,0.8,0.8,0.6,0.7,0.8,0.7,0.4,0.9,0.8,1.0,0.6,0.9,0.9,0.7,0.9,0.8,0.4,0.5,0.6,0.8,0.9,0.6,0.7,0.6,0.9,1.0,0.6,1.0,0.7,0.7,0.7,0.8,0.6,0.8,0.8,0.8,0.9,0.8,0.9
150,0.5,0.9,1.0,1.0,1.0,0.7,0.7,1.0,0.7,1.0,1.0,1.0,1.0,1.0,1.0,1.0,1.0,1.0,1.0,1.0,0.9,0.9,0.5,1.0,1.0,1.0,0.9,0.6,0.9,1.0,0.8,0.9,0.8,0.5,0.8,0.3,0.9,0.9,0.9,0.8,0.6,0.9,0.4,0.9,0.9,1.0,0.7,0.9,0.9,0.8,0.8,0.6,0.5,0.7,0.9,0.9,0.8,0.4,0.7,0.4,1.0,0.8,0.9,1.0,0.8,1.0,0.8,0.9,0.8,0.7,0.9,0.9,0.6,0.6,1.0,0.7,1.0,0.8,0.8,0.7,0.7,0.7,0.7,0.4,1.0,0.9,0.6,0.9,1.0,1.0
151,0.8,0.8,1.0,1.0,1.0,1.0,0.5,0.9,0.6,1.0,1.0,1.0,1.0,1.0,1.0,1.0,1.0,1.0,1.0,1.0,1.0,1.0,0.8,1.0,1.0,1.0,1.0,0.7,0.9,1.0,0.8,0.7,0.8,0.8,0.7,0.7,0.7,0.9,1.0,0.9,0.6,0.6,0.7,1.0,1.0,0.9,0.8,0.9,1.0,0.9,0.7,0.6,0.8,0.5,0.7,1.0,0.8,0.5,0.9,0.4,1.0,0.7,0.9,0.9,0.7,0.9,0.8,0.6,0.8,0.7,0.9,1.0,0.8,0.7,0.7,1.0,1.0,0.8,0.5,0.7,0.7,0.9,0.8,0.9,0.9,1.0,0.9,0.8,0.9,0.9
152,0.6,0.5,1.0,1.0,0.9,0.9,0.8,0.9,0.7,1.0,1.0,1.0,1.0,0.8,1.0,1.0,1.0,1.0,1.0,0.9,0.6,1.0,0.7,1.0,1.0,1.0,0.9,0.5,0.9,0.9,1.0,0.7,1.0,0.9,0.9,0.6,0.8,0.9,0.9,1.0,0.5,0.4,0.8,0.6,1.0,0.9,0.6,0.8,1.0,1.0,0.7,0.8,0.6,1.0,0.6,1.0,0.7,0.9,0.9,0.5,1.0,0.7,0.9,0.7,0.7,0.9,0.7,0.7,0.6,0.7,1.0,0.9,0.6,0.7,0.4,1.0,1.0,0.3,0.8,0.6,0.9,0.9,1.0,0.5,1.0,0.8,0.7,0.9,0.8,0.7
153,0.9,0.7,1.0,1.0,1.0,1.0,0.8,1.0,1.0,1.0,1.0,1.0,1.0,0.9,1.0,1.0,1.0,1.0,1.0,0.9,0.9,0.9,0.9,1.0,1.0,1.0,1.0,0.6,0.9,0.8,0.9,0.9,0.8,0.9,0.6,0.8,0.8,1.0,1.0,0.8,0.3,0.1,0.7,1.0,0.9,0.9,0.6,0.8,1.0,0.8,1.0,0.6,0.6,0.5,1.0,0.9,0.8,0.8,0.8,0.4,1.0,0.8,1.0,0.8,0.8,1.0,0.9,0.5,0.6,0.7,0.8,1.0,0.4,0.5,0.7,0.8,1.0,0.9,0.7,0.6,0.8,0.9,1.0,0.9,1.0,1.0,0.8,1.0,0.9,0.8
154,0.6,0.7,1.0,1.0,1.0,1.0,0.6,1.0,0.6,1.0,1.0,1.0,1.0,1.0,1.0,1.0,1.0,1.0,1.0,0.9,0.5,1.0,0.7,1.0,1.0,1.0,0.9,0.8,0.9,0.8,0.8,0.9,0.9,0.9,0.7,0.8,0.8,1.0,1.0,0.7,0.3,0.6,0.7,1.0,0.9,0.7,0.7,0.9,1.0,0.7,0.9,0.6,0.6,0.8,0.7,0.7,0.8,0.7,1.0,0.6,1.0,1.0,1.0,0.6,1.0,1.0,1.0,0.3,0.7,0.6,1.0,0.8,0.8,0.6,0.5,0.8,1.0,0.7,0.6,0.5,0.5,0.8,0.7,0.8,0.8,0.9,0.6,0.8,0.3,0.7
155,0.8,0.8,1.0,1.0,1.0,1.0,0.8,1.0,0.7,1.0,1.0,1.0,1.0,1.0,1.0,1.0,1.0,1.0,1.0,1.0,0.6,1.0,1.0,1.0,1.0,1.0,0.9,0.9,0.8,1.0,0.9,1.0,0.8,0.8,0.7,0.7,0.8,1.0,1.0,1.0,0.7,0.6,0.9,1.0,0.9,0.9,0.6,0.7,1.0,0.9,0.5,0.6,0.8,0.5,0.9,0.9,0.7,0.5,0.7,0.4,1.0,0.8,1.0,0.9,0.9,0.7,1.0,0.7,0.5,0.6,0.6,0.7,0.6,0.5,0.6,1.0,1.0,1.0,0.7,0.4,0.8,0.8,0.9,0.5,0.9,0.9,0.6,0.8,1.0,0.8
156,0.9,0.6,1.0,1.0,1.0,1.0,0.8,0.7,0.6,1.0,1.0,1.0,1.0,1.0,1.0,1.0,1.0,1.0,1.0,1.0,1.0,1.0,0.9,1.0,1.0,1.0,0.9,0.9,1.0,0.8,0.7,0.8,0.8,0.9,0.5,0.6,0.9,0.9,0.9,0.8,0.7,0.5,0.6,1.0,0.7,0.8,0.5,0.7,1.0,0.8,0.9,0.7,0.3,0.9,0.8,0.9,0.7,0.8,0.7,0.8,1.0,0.8,0.9,1.0,0.8,0.7,0.8,0.5,0.7,0.9,0.9,0.9,0.7,1.0,0.9,0.9,1.0,0.8,0.9,0.4,0.8,0.7,0.8,0.7,0.8,1.0,0.7,0.5,0.6,0.9
157,1.0,0.9,1.0,1.0,1.0,1.0,0.4,0.9,0.9,1.0,1.0,1.0,1.0,1.0,1.0,1.0,1.0,1.0,1.0,1.0,0.7,0.8,1.0,1.0,1.0,1.0,1.0,0.9,1.0,1.0,0.5,0.9,0.7,0.9,0.6,0.8,0.9,0.9,1.0,0.8,0.3,0.7,0.4,1.0,0.6,1.0,0.7,0.8,1.0,0.9,0.8,0.2,0.6,0.4,0.7,1.0,0.8,0.4,0.7,0.9,1.0,0.6,1.0,0.8,0.8,0.8,0.7,0.5,0.6,0.6,0.7,1.0,0.7,0.3,0.9,0.9,1.0,0.7,0.9,0.6,0.7,0.9,0.8,0.9,0.8,1.0,0.7,0.7,0.1,0.8
158,1.0,0.7,1.0,1.0,1.0,1.0,0.6,1.0,0.4,1.0,1.0,1.0,1.0,1.0,1.0,1.0,1.0,1.0,1.0,1.0,1.0,1.0,1.0,1.0,1.0,1.0,1.0,1.0,1.0,0.8,0.8,1.0,0.5,0.9,0.7,0.5,0.8,0.9,1.0,0.9,0.5,0.7,0.7,0.9,0.7,0.9,0.5,0.6,1.0,0.8,1.0,0.7,0.6,0.3,1.0,0.8,0.9,0.8,0.7,0.7,1.0,0.9,0.9,0.8,0.9,0.8,0.8,0.4,0.4,0.8,1.0,0.7,0.6,0.9,0.7,0.9,1.0,0.6,0.9,0.2,0.5,0.9,0.9,0.6,0.6,0.9,0.8,0.8,0.3,0.8
159,1.0,0.7,1.0,1.0,1.0,1.0,1.0,0.8,0.5,1.0,1.0,1.0,1.0,1.0,1.0,1.0,1.0,1.0,1.0,1.0,1.0,1.0,0.9,1.0,1.0,1.0,1.0,0.9,0.8,0.9,1.0,0.9,0.4,0.9,0.4,0.4,0.6,0.9,0.9,1.0,0.5,0.3,0.4,0.9,0.6,0.7,0.7,0.8,1.0,0.7,0.8,0.6,0.5,0.6,1.0,0.8,0.9,0.5,0.9,0.7,1.0,0.6,0.8,0.7,0.8,0.7,1.0,0.1,0.8,0.8,1.0,0.7,0.5,0.7,0.6,0.6,1.0,0.6,0.7,0.4,0.8,0.8,0.9,0.7,0.8,0.9,0.6,0.7,0.3,0.9
160,1.0,0.8,1.0,1.0,1.0,1.0,0.5,0.9,0.4,1.0,1.0,1.0,1.0,0.6,1.0,1.0,1.0,1.0,1.0,1.0,1.0,1.0,0.8,1.0,1.0,1.0,0.9,1.0,1.0,0.8,0.9,0.7,0.8,1.0,0.8,0.4,0.4,0.8,0.9,1.0,0.1,0.4,0.6,0.8,0.7,0.9,0.7,0.6,1.0,0.9,1.0,0.7,0.9,0.6,0.9,0.9,0.7,0.5,0.7,0.6,1.0,0.9,1.0,0.4,0.7,0.9,0.9,0.4,0.9,0.7,0.9,0.6,0.4,0.8,0.6,0.9,1.0,0.8,0.9,0.7,0.8,0.9,0.8,0.8,0.7,1.0,0.8,0.5,0.3,1.0
161,1.0,0.8,1.0,1.0,1.0,1.0,0.7,0.7,0.8,1.0,1.0,1.0,1.0,0.4,1.0,1.0,1.0,1.0,1.0,0.9,0.9,1.0,0.3,1.0,1.0,1.0,0.8,0.9,0.9,0.9,0.6,0.7,0.6,1.0,0.5,0.7,1.0,0.9,0.9,0.8,0.5,0.5,0.4,0.9,0.7,0.9,0.9,1.0,1.0,1.0,0.9,0.7,0.3,0.3,0.7,0.8,0.7,0.4,0.8,0.8,1.0,0.9,0.9,0.4,1.0,0.6,0.9,1.0,0.9,0.5,0.8,0.8,0.7,0.7,0.4,0.7,1.0,0.8,0.7,0.3,0.9,0.9,0.9,0.8,0.9,0.7,0.9,0.7,0.1,0.9
162,0.9,1.0,1.0,1.0,0.6,0.8,0.6,0.8,0.7,1.0,1.0,1.0,1.0,0.4,1.0,1.0,1.0,1.0,1.0,0.9,0.7,0.8,0.5,1.0,1.0,1.0,0.9,1.0,0.9,0.8,0.9,1.0,1.0,1.0,0.6,0.8,0.8,0.7,0.7,1.0,0.6,0.8,0.5,0.9,0.8,0.9,1.0,0.8,1.0,0.8,0.9,0.9,0.1,0.8,0.6,0.9,0.8,0.8,0.8,0.5,1.0,0.7,0.9,0.4,0.9,0.8,0.6,0.7,0.8,0.7,1.0,0.8,0.8,0.9,0.7,1.0,1.0,0.9,0.7,0.4,0.8,1.0,0.8,0.6,1.0,0.7,0.9,0.4,0.4,0.9
163,1.0,0.9,1.0,1.0,0.9,0.8,0.6,0.9,0.8,1.0,1.0,1.0,1.0,0.8,1.0,1.0,1.0,1.0,1.0,0.9,0.8,0.9,0.9,1.0,1.0,1.0,0.9,0.9,1.0,0.9,0.9,0.9,0.8,1.0,0.6,0.6,1.0,0.8,1.0,0.9,0.5,0.6,0.8,1.0,0.9,0.9,0.9,0.9,1.0,0.9,0.7,0.7,0.6,0.5,0.9,0.9,0.8,0.5,1.0,0.7,1.0,0.8,1.0,0.5,0.9,0.7,0.9,0.7,0.7,0.8,0.7,1.0,0.6,0.6,0.6,0.7,1.0,0.9,0.8,0.8,0.6,0.9,0.9,0.6,0.8,1.0,0.8,0.7,0.1,0.8
164,0.7,0.8,1.0,1.0,0.9,0.8,0.6,1.0,0.9,1.0,1.0,1.0,1.0,0.9,1.0,1.0,1.0,1.0,1.0,0.9,1.0,1.0,0.8,1.0,1.0,1.0,0.8,0.9,0.8,0.5,0.9,0.8,0.9,0.9,0.5,0.8,0.9,0.7,0.9,1.0,0.4,0.6,0.5,0.9,0.9,1.0,0.8,0.9,1.0,0.8,0.9,0.9,0.5,0.7,0.8,0.9,0.8,0.4,0.9,0.5,1.0,0.6,0.9,0.7,0.7,0.4,0.9,0.9,0.6,0.7,0.9,1.0,0.5,0.7,0.6,0.9,1.0,0.8,0.7,0.8,0.7,0.9,0.9,0.6,0.8,0.8,0.8,1.0,0.0,0.9
165,0.9,0.8,1.0,1.0,1.0,0.9,0.7,1.0,0.9,1.0,1.0,1.0,1.0,0.8,1.0,1.0,1.0,1.0,1.0,1.0,0.8,0.8,0.8,1.0,1.0,1.0,0.9,0.9,1.0,1.0,0.8,0.8,1.0,0.8,0.7,0.9,0.6,1.0,1.0,1.0,0.6,0.3,0.4,1.0,0.9,1.0,0.9,0.7,1.0,0.9,0.8,0.5,0.4,0.6,0.8,1.0,0.7,0.6,0.7,0.6,1.0,0.7,0.9,0.9,0.8,0.6,0.7,0.7,0.7,0.7,0.7,0.9,0.8,0.8,0.9,0.9,1.0,0.7,0.2,0.5,0.8,0.8,0.9,0.8,0.9,1.0,0.7,0.6,0.8,0.9
166,1.0,0.8,1.0,1.0,1.0,1.0,0.5,0.9,0.9,1.0,1.0,1.0,1.0,0.9,1.0,1.0,1.0,1.0,1.0,0.9,1.0,0.9,0.9,1.0,1.0,1.0,0.7,0.7,0.9,1.0,0.9,0.9,0.8,1.0,0.8,0.9,1.0,1.0,1.0,0.9,0.8,0.1,0.9,1.0,0.7,0.9,0.8,0.9,1.0,0.7,1.0,0.9,0.5,0.5,1.0,1.0,0.7,0.4,1.0,0.4,1.0,0.8,0.9,0.8,0.8,0.9,1.0,0.7,0.6,0.2,0.2,0.8,0.5,0.6,0.8,0.8,1.0,1.0,0.7,0.3,0.8,0.7,0.8,0.6,1.0,0.9,0.7,0.8,0.3,0.8
167,1.0,0.8,1.0,1.0,0.8,1.0,0.6,0.7,0.8,1.0,1.0,1.0,1.0,1.0,1.0,1.0,1.0,1.0,1.0,0.7,0.7,1.0,1.0,1.0,1.0,1.0,0.7,1.0,0.9,0.9,0.7,1.0,1.0,1.0,0.9,1.0,1.0,1.0,1.0,1.0,0.7,0.4,0.4,1.0,0.6,0.9,1.0,0.8,1.0,0.8,0.7,0.9,0.8,0.7,1.0,0.8,0.9,0.7,0.9,0.5,1.0,0.7,1.0,1.0,1.0,1.0,1.0,0.8,0.6,0.3,0.7,0.4,0.6,0.4,0.7,0.8,1.0,0.9,0.7,0.6,0.9,0.9,0.8,0.5,0.8,1.0,0.8,0.7,0.6,0.9
168,0.7,0.8,1.0,1.0,0.9,0.9,0.8,0.9,0.7,1.0,1.0,1.0,1.0,0.9,1.0,1.0,1.0,1.0,1.0,1.0,0.7,0.9,0.7,1.0,1.0,1.0,0.8,0.9,0.9,0.6,0.8,0.7,0.8,0.9,0.6,0.9,0.8,0.9,1.0,0.9,0.5,0.8,0.6,0.9,0.9,0.8,0.8,0.7,1.0,1.0,1.0,0.7,0.7,0.8,0.9,0.9,0.9,0.7,0.6,0.5,1.0,0.8,1.0,0.8,1.0,0.9,0.8,0.7,0.8,0.3,0.6,1.0,0.5,0.7,0.6,1.0,1.0,0.8,0.9,0.4,0.9,1.0,1.0,0.6,0.7,0.9,0.3,0.4,0.5,1.0
169,0.8,0.7,1.0,1.0,1.0,1.0,0.8,0.8,0.9,1.0,1.0,1.0,1.0,0.9,1.0,1.0,1.0,1.0,1.0,0.8,1.0,1.0,0.8,1.0,1.0,1.0,0.7,0.7,0.8,0.8,0.8,0.8,1.0,0.9,0.8,1.0,0.8,1.0,1.0,0.9,0.8,0.7,0.6,0.6,0.7,0.8,0.7,0.7,1.0,1.0,0.9,0.6,0.7,0.8,0.9,1.0,1.0,0.5,0.8,0.7,1.0,0.8,1.0,0.8,0.8,0.8,1.0,0.8,0.6,0.4,0.2,0.9,0.8,0.6,0.6,1.0,1.0,0.7,0.9,0.8,0.7,1.0,0.6,0.6,0.7,0.5,0.3,0.5,0.5,0.9
170,1.0,0.7,1.0,1.0,1.0,1.0,0.4,0.9,0.9,1.0,1.0,1.0,1.0,0.8,1.0,1.0,1.0,1.0,1.0,0.8,0.9,1.0,0.9,1.0,1.0,1.0,0.9,0.9,0.9,0.8,0.7,0.9,0.9,0.7,0.5,0.9,0.7,0.9,1.0,0.9,0.7,0.8,0.6,0.9,0.5,0.9,0.8,0.6,1.0,0.9,0.9,0.8,0.4,0.7,0.8,1.0,1.0,0.6,0.9,0.5,1.0,0.7,0.8,0.7,0.9,0.7,0.9,0.8,0.5,0.4,0.3,0.8,0.6,0.6,0.7,0.9,1.0,0.6,0.7,0.7,0.9,0.9,0.5,0.7,0.9,0.5,0.7,0.9,0.4,0.6
171,0.6,0.8,1.0,1.0,1.0,1.0,0.5,0.8,0.8,1.0,1.0,1.0,1.0,0.8,1.0,1.0,1.0,1.0,1.0,0.9,0.8,0.8,0.8,1.0,1.0,1.0,1.0,1.0,0.8,1.0,0.8,0.9,0.9,0.9,0.6,0.8,0.8,1.0,1.0,0.9,1.0,0.6,0.6,0.9,0.9,0.8,0.9,0.5,1.0,0.9,0.9,0.9,0.4,0.8,1.0,1.0,1.0,0.7,0.9,0.4,1.0,0.7,1.0,0.7,0.8,0.9,0.9,0.9,0.8,0.8,0.3,0.9,0.5,0.4,0.6,0.7,1.0,1.0,0.6,0.4,1.0,0.8,0.8,0.6,0.9,0.7,0.7,0.6,0.3,0.8
172,0.8,1.0,1.0,1.0,0.9,0.8,0.8,0.9,0.4,1.0,1.0,1.0,1.0,0.7,1.0,1.0,1.0,1.0,1.0,0.9,0.8,0.9,0.9,1.0,1.0,1.0,1.0,1.0,0.9,0.6,0.8,1.0,1.0,0.9,0.8,0.7,0.7,0.8,1.0,0.8,0.6,0.5,0.7,0.8,1.0,0.8,0.9,0.7,1.0,0.9,0.6,0.7,0.7,0.7,0.9,1.0,0.9,0.4,0.8,0.5,1.0,0.5,1.0,0.8,1.0,1.0,1.0,0.9,0.6,0.0,0.6,0.9,0.5,0.7,0.6,0.9,1.0,0.9,0.9,0.4,0.8,0.7,0.7,0.4,1.0,0.9,0.7,0.4,0.3,0.8
173,0.6,1.0,1.0,1.0,0.8,0.9,0.6,0.7,0.5,1.0,1.0,1.0,1.0,0.6,1.0,1.0,1.0,1.0,1.0,1.0,0.7,0.8,1.0,1.0,1.0,1.0,0.8,1.0,1.0,1.0,0.7,0.9,1.0,0.9,0.6,0.7,0.9,0.9,0.9,1.0,0.7,0.6,0.5,1.0,1.0,0.8,0.7,0.7,1.0,0.8,0.4,0.8,0.8,0.6,1.0,0.9,0.8,0.3,1.0,0.5,1.0,0.5,1.0,0.8,0.9,1.0,0.8,0.5,0.8,0.6,0.9,0.9,0.7,0.9,0.8,0.8,1.0,0.9,0.6,0.6,0.8,0.8,0.7,0.7,0.9,0.6,0.6,0.6,0.2,0.8
174,0.9,1.0,1.0,1.0,1.0,0.9,0.6,1.0,0.7,1.0,1.0,1.0,1.0,0.5,1.0,1.0,1.0,1.0,1.0,1.0,1.0,0.6,0.9,1.0,1.0,1.0,1.0,1.0,0.9,0.8,0.9,1.0,1.0,1.0,0.8,1.0,0.9,1.0,0.9,1.0,0.2,0.5,0.5,1.0,0.9,0.8,0.9,0.6,1.0,0.8,0.7,0.8,0.4,0.4,0.9,1.0,0.8,0.4,1.0,0.6,1.0,0.6,1.0,0.6,0.7,1.0,0.9,0.6,0.8,0.3,0.5,1.0,0.5,0.8,1.0,1.0,1.0,0.8,0.5,0.6,0.5,0.9,0.9,0.7,0.9,0.9,0.8,0.5,0.3,1.0
175,0.7,0.9,1.0,1.0,1.0,0.8,0.3,1.0,0.5,1.0,1.0,1.0,1.0,0.9,1.0,1.0,1.0,1.0,1.0,1.0,1.0,0.9,0.9,1.0,1.0,1.0,0.9,1.0,1.0,0.9,0.6,0.9,1.0,1.0,0.8,0.9,0.8,0.9,1.0,0.9,0.4,0.8,0.5,0.9,0.9,0.9,0.8,0.8,1.0,0.9,0.8,0.8,0.6,0.5,0.8,1.0,0.6,0.7,1.0,0.6,1.0,0.7,1.0,0.8,0.9,0.9,0.9,0.6,0.6,0.4,0.3,1.0,0.8,0.5,0.8,0.9,1.0,0.8,0.6,0.5,0.6,0.8,0.7,0.8,0.8,0.9,0.7,0.2,0.3,0.8
176,0.7,0.8,1.0,1.0,1.0,1.0,0.4,0.9,0.8,1.0,1.0,1.0,1.0,0.6,1.0,1.0,1.0,1.0,1.0,1.0,0.7,0.9,1.0,1.0,1.0,1.0,1.0,1.0,1.0,0.8,0.8,0.7,1.0,0.9,0.8,0.8,1.0,0.8,1.0,1.0,0.2,0.5,0.8,0.8,0.8,0.8,0.6,0.8,1.0,1.0,0.8,0.7,0.9,0.7,0.7,1.0,0.8,0.6,0.8,0.6,1.0,0.6,1.0,0.5,0.8,0.7,0.8,0.5,0.7,0.3,0.6,1.0,0.9,0.6,0.7,0.9,1.0,0.6,0.6,0.5,0.9,0.9,0.9,0.5,1.0,0.8,0.3,0.3,0.2,0.9
177,1.0,1.0,1.0,1.0,1.0,0.7,0.2,0.8,0.9,1.0,1.0,1.0,1.0,0.9,1.0,1.0,1.0,1.0,1.0,1.0,0.6,1.0,0.7,1.0,1.0,1.0,0.8,1.0,1.0,0.8,0.9,1.0,1.0,0.8,0.9,0.9,1.0,0.8,0.9,1.0,0.4,0.8,0.9,0.9,1.0,0.6,1.0,0.9,1.0,1.0,0.7,0.6,0.7,0.5,0.9,0.9,0.8,0.4,0.8,0.9,1.0,0.9,0.9,0.6,0.7,0.9,0.7,0.5,0.9,0.4,0.4,1.0,0.5,0.6,0.6,1.0,1.0,0.8,0.3,0.5,0.8,0.9,0.8,0.6,0.8,1.0,0.9,0.3,0.6,0.9
178,0.7,0.9,1.0,1.0,1.0,0.8,0.4,1.0,0.6,1.0,1.0,1.0,1.0,1.0,1.0,1.0,1.0,1.0,1.0,0.7,0.7,0.9,0.8,1.0,1.0,1.0,1.0,1.0,1.0,0.7,0.6,0.9,1.0,0.9,0.9,0.9,1.0,0.9,0.9,0.9,0.6,0.8,0.5,0.9,0.8,0.9,1.0,1.0,1.0,1.0,0.8,0.5,0.9,0.3,0.7,0.8,0.6,0.4,0.7,0.4,1.0,0.9,1.0,0.9,0.9,0.6,0.7,0.8,0.8,0.2,0.7,1.0,0.5,0.6,0.8,0.8,1.0,0.6,0.4,0.8,0.9,0.8,0.8,0.8,0.8,1.0,0.4,0.7,0.3,0.8
179,0.8,1.0,1.0,1.0,1.0,0.7,0.6,0.9,0.6,1.0,1.0,1.0,1.0,1.0,1.0,1.0,1.0,1.0,1.0,0.9,0.6,0.7,0.8,1.0,1.0,1.0,0.8,1.0,0.9,0.9,0.7,0.8,0.9,0.9,0.7,0.7,0.8,0.8,1.0,0.9,0.8,0.6,0.9,1.0,1.0,0.9,0.8,0.8,1.0,0.8,0.9,0.3,0.9,0.7,0.6,0.9,0.9,0.7,0.5,0.9,1.0,0.7,1.0,0.9,0.7,0.8,0.6,0.9,0.9,0.7,0.7,1.0,0.6,0.9,0.8,0.8,1.0,0.8,0.8,0.7,0.8,0.9,0.7,0.7,0.6,0.9,0.4,1.0,0.3,0.6
180,1.0,1.0,1.0,1.0,0.9,0.9,0.3,1.0,0.6,1.0,1.0,1.0,1.0,1.0,1.0,1.0,1.0,1.0,1.0,0.9,0.5,0.8,0.8,1.0,1.0,1.0,0.9,1.0,1.0,0.8,0.8,0.7,1.0,0.9,0.9,1.0,1.0,0.7,1.0,0.9,0.5,0.8,0.7,0.8,1.0,0.8,0.9,1.0,1.0,0.9,0.9,0.4,0.7,0.5,0.8,0.8,0.9,0.5,0.8,0.5,1.0,0.8,1.0,0.8,0.9,0.7,0.7,0.5,0.7,0.6,0.5,0.9,0.8,0.9,0.7,0.9,1.0,0.5,0.8,0.5,0.8,0.8,0.6,0.9,0.9,0.7,0.9,0.7,0.5,0.9
181,1.0,1.0,1.0,1.0,1.0,0.8,0.7,0.9,0.9,1.0,1.0,1.0,1.0,1.0,1.0,1.0,1.0,1.0,1.0,1.0,0.4,1.0,0.8,1.0,1.0,1.0,1.0,1.0,0.8,1.0,0.6,0.7,0.9,0.8,0.6,0.8,1.0,0.9,1.0,0.9,0.7,0.8,0.6,0.9,0.8,1.0,0.9,1.0,1.0,1.0,1.0,0.4,0.8,0.6,0.5,1.0,1.0,0.3,0.5,0.6,1.0,0.8,0.9,0.8,0.9,0.6,0.9,0.6,0.9,0.6,0.9,1.0,0.9,0.6,0.8,0.8,1.0,0.6,0.8,0.9,0.9,0.3,0.7,0.7,0.7,0.8,0.8,0.3,0.4,0.8
182,1.0,1.0,1.0,1.0,0.9,0.9,1.0,1.0,0.7,1.0,1.0,1.0,1.0,0.8,1.0,1.0,1.0,1.0,1.0,1.0,0.6,0.7,0.8,1.0,1.0,1.0,1.0,1.0,1.0,0.9,0.9,0.8,0.7,1.0,0.7,0.5,0.8,0.7,1.0,0.9,0.7,0.7,0.6,0.8,0.9,0.9,0.9,0.7,1.0,1.0,0.8,0.4,0.8,0.6,0.4,0.7,0.9,0.2,0.8,0.9,1.0,0.6,1.0,0.7,1.0,0.6,0.6,0.5,0.7,0.4,0.9,1.0,0.8,0.5,0.6,0.7,1.0,0.8,0.4,0.4,1.0,0.7,0.9,0.8,1.0,0.6,0.6,0.0,0.3,0.8
183,1.0,1.0,1.0,1.0,1.0,0.9,0.9,0.9,0.8,1.0,1.0,1.0,1.0,1.0,1.0,1.0,1.0,1.0,1.0,1.0,0.9,1.0,1.0,1.0,1.0,1.0,1.0,1.0,0.7,0.7,0.8,0.8,0.8,0.9,0.6,0.7,0.7,0.8,1.0,0.9,0.6,0.4,0.4,0.9,0.9,1.0,0.9,0.7,1.0,0.9,1.0,0.6,0.6,0.3,0.7,0.9,1.0,0.6,0.8,0.9,1.0,0.5,0.9,0.9,0.8,0.8,0.5,0.5,0.6,0.3,0.8,1.0,0.7,0.5,0.9,0.7,1.0,0.7,0.5,0.4,0.8,0.8,0.7,0.6,0.9,0.8,0.6,0.5,0.6,0.8
184,0.9,0.9,1.0,1.0,1.0,0.9,1.0,0.8,1.0,1.0,1.0,1.0,1.0,1.0,1.0,1.0,1.0,1.0,1.0,1.0,0.8,0.9,0.9,1.0,1.0,1.0,0.9,1.0,0.9,0.6,1.0,0.9,1.0,0.7,0.8,0.9,0.7,0.7,1.0,1.0,0.5,0.4,0.8,0.9,1.0,0.8,0.7,0.9,1.0,0.8,0.9,0.6,0.5,0.8,0.6,0.8,0.9,0.5,0.9,0.8,1.0,0.6,0.9,0.7,0.8,0.9,0.5,0.7,0.8,0.4,0.6,0.9,0.7,1.0,0.7,0.6,1.0,0.8,0.5,0.3,0.3,0.9,0.6,0.6,1.0,0.8,0.9,0.4,0.9,0.6
185,0.9,1.0,1.0,1.0,0.9,1.0,0.9,1.0,0.9,1.0,1.0,1.0,1.0,0.8,1.0,1.0,1.0,1.0,1.0,1.0,0.8,0.8,1.0,1.0,1.0,1.0,1.0,1.0,0.9,0.6,0.7,1.0,1.0,0.7,0.5,0.8,0.9,0.8,1.0,0.9,0.4,0.5,0.7,0.9,0.7,0.7,0.9,0.8,1.0,1.0,1.0,0.9,0.9,0.6,0.8,0.8,0.9,0.7,0.8,0.8,1.0,0.7,1.0,0.8,0.9,0.7,0.4,0.6,0.8,0.3,0.8,1.0,0.7,0.9,0.8,0.5,1.0,0.8,0.4,0.7,0.4,0.7,0.6,0.6,0.9,0.9,0.6,0.4,0.9,0.5
186,1.0,1.0,1.0,1.0,0.5,0.9,0.2,0.9,1.0,1.0,1.0,1.0,1.0,1.0,1.0,1.0,1.0,1.0,1.0,1.0,1.0,1.0,0.8,1.0,1.0,1.0,0.9,1.0,0.9,0.8,0.6,1.0,1.0,0.9,0.7,0.9,0.9,1.0,0.9,1.0,0.5,0.8,0.6,0.9,1.0,0.9,0.9,1.0,1.0,0.9,0.7,0.8,0.7,0.4,0.7,1.0,0.9,0.7,0.8,0.8,1.0,0.5,0.9,0.8,0.9,0.7,0.7,0.8,0.9,0.4,0.1,0.9,0.7,0.4,0.4,0.7,1.0,0.6,0.4,0.5,0.8,0.9,0.7,0.5,0.9,1.0,0.3,0.5,0.7,0.6
187,1.0,1.0,1.0,1.0,0.7,1.0,0.8,0.9,0.7,1.0,1.0,1.0,1.0,1.0,1.0,1.0,1.0,1.0,1.0,1.0,0.9,1.0,0.5,1.0,1.0,1.0,0.8,1.0,0.8,0.9,0.4,0.9,1.0,0.9,0.5,0.8,1.0,0.9,0.8,0.8,0.6,0.7,0.3,0.9,1.0,0.7,0.8,1.0,1.0,1.0,1.0,0.5,0.8,0.8,0.8,0.8,0.9,0.7,0.8,0.5,1.0,0.6,0.8,0.7,0.6,0.7,0.8,0.8,0.8,0.4,0.6,1.0,0.9,0.7,1.0,0.9,1.0,0.9,0.2,0.6,1.0,0.8,0.7,0.6,1.0,0.6,0.7,0.7,0.6,0.8
188,1.0,1.0,1.0,1.0,0.8,1.0,0.3,0.8,0.8,1.0,1.0,1.0,1.0,1.0,1.0,1.0,1.0,1.0,1.0,1.0,0.9,1.0,0.8,1.0,1.0,1.0,0.8,1.0,0.5,1.0,0.5,0.9,0.9,0.8,0.4,0.7,0.9,1.0,1.0,0.8,0.5,0.9,0.4,0.9,0.8,0.9,1.0,0.7,1.0,1.0,0.9,0.6,0.7,0.7,0.7,0.9,0.9,0.9,0.9,0.2,1.0,0.8,0.9,1.0,0.8,0.9,0.5,0.6,0.9,0.5,0.7,1.0,0.8,0.7,0.8,0.7,1.0,0.8,0.7,0.7,0.3,0.4,0.7,0.6,1.0,0.7,0.8,0.5,0.8,0.6
189,0.8,1.0,1.0,1.0,0.7,1.0,0.2,0.8,0.7,1.0,1.0,1.0,1.0,0.7,1.0,1.0,1.0,1.0,1.0,1.0,0.9,0.8,0.8,1.0,1.0,1.0,0.9,1.0,1.0,0.4,0.7,0.9,1.0,0.8,0.6,0.6,0.8,0.6,0.9,1.0,0.4,0.7,0.9,0.9,0.9,1.0,1.0,0.8,1.0,0.8,0.9,0.9,0.7,0.7,1.0,0.8,0.9,0.8,0.7,0.4,1.0,0.8,1.0,1.0,0.7,0.8,0.7,0.8,0.7,0.6,0.6,0.9,0.6,0.7,0.9,0.4,1.0,0.9,0.9,0.6,0.4,0.7,0.6,0.4,0.9,1.0,0.6,0.5,0.9,0.7
190,1.0,1.0,1.0,1.0,0.6,0.9,0.2,0.9,0.8,1.0,1.0,1.0,1.0,1.0,1.0,1.0,1.0,1.0,1.0,1.0,1.0,0.9,0.8,1.0,1.0,1.0,0.7,1.0,0.8,0.7,0.7,1.0,0.7,1.0,1.0,0.8,0.8,1.0,1.0,1.0,0.7,0.3,0.9,1.0,0.8,0.8,1.0,0.9,1.0,0.9,0.8,0.7,0.9,0.1,0.9,0.9,0.9,0.8,0.7,0.5,1.0,0.5,0.9,0.8,0.8,0.7,0.7,0.5,0.6,0.7,0.9,0.9,0.7,0.7,0.8,0.7,1.0,1.0,0.6,0.8,0.4,0.7,0.4,0.6,0.9,0.8,0.8,0.5,0.8,0.9
191,0.5,1.0,1.0,1.0,0.9,0.8,0.4,0.9,1.0,1.0,1.0,1.0,1.0,1.0,1.0,1.0,1.0,1.0,1.0,1.0,0.8,0.9,1.0,1.0,1.0,1.0,0.6,1.0,0.9,0.8,0.1,0.7,0.8,0.7,0.5,0.5,1.0,0.9,1.0,0.5,0.7,0.5,0.5,0.9,0.8,0.9,0.7,0.9,1.0,0.9,0.9,0.7,0.5,0.6,0.9,0.9,1.0,0.9,0.8,0.6,1.0,0.5,0.7,0.9,0.7,0.8,0.5,0.5,0.8,0.7,0.6,1.0,0.9,0.1,1.0,0.8,1.0,0.7,0.5,0.6,0.7,0.4,0.6,0.5,0.9,0.7,0.4,0.5,0.8,0.8
192,0.8,0.9,1.0,1.0,1.0,0.9,0.5,0.9,0.9,1.0,1.0,1.0,1.0,1.0,1.0,1.0,1.0,1.0,1.0,1.0,1.0,1.0,0.6,1.0,1.0,1.0,0.4,1.0,0.8,0.7,0.4,1.0,0.8,0.9,0.6,0.0,0.1,0.8,1.0,0.8,0.7,1.0,0.6,0.9,0.9,0.8,0.9,1.0,1.0,0.5,0.9,0.7,0.9,0.6,0.9,0.9,0.7,0.9,0.6,0.6,1.0,0.9,0.7,0.9,1.0,0.8,0.3,0.7,0.8,0.9,0.4,0.9,0.8,0.8,0.9,0.8,1.0,1.0,0.7,0.8,0.7,0.6,0.6,0.5,0.9,0.6,0.7,0.7,0.9,0.8
193,0.9,0.9,1.0,1.0,1.0,0.9,0.5,0.8,1.0,1.0,1.0,1.0,1.0,1.0,1.0,1.0,1.0,1.0,1.0,1.0,1.0,0.8,0.9,1.0,1.0,1.0,0.8,1.0,0.7,1.0,0.7,1.0,0.7,1.0,0.3,0.0,0.0,1.0,0.9,0.7,0.8,0.8,0.5,0.8,0.8,0.7,0.8,0.9,1.0,0.8,0.7,0.6,0.8,0.7,0.8,0.8,0.5,0.6,0.4,0.9,1.0,0.7,0.9,0.8,0.9,0.8,0.5,0.5,0.6,0.8,0.7,1.0,0.5,0.6,0.8,1.0,1.0,1.0,0.7,0.8,0.7,0.7,0.8,0.6,1.0,0.7,0.6,0.6,0.8,0.7
194,1.0,0.9,1.0,1.0,1.0,1.0,0.3,1.0,1.0,1.0,1.0,1.0,1.0,1.0,1.0,1.0,1.0,1.0,1.0,1.0,1.0,0.9,1.0,1.0,1.0,1.0,0.6,1.0,0.9,0.7,0.8,1.0,0.6,0.9,0.0,0.1,0.0,0.9,1.0,0.8,0.5,0.8,0.7,0.8,1.0,0.9,1.0,0.9,1.0,0.4,1.0,0.9,0.9,0.5,0.9,0.9,0.6,0.7,0.6,0.9,1.0,0.9,0.9,0.6,0.9,0.9,0.7,0.6,0.6,0.8,0.4,0.8,0.8,1.0,0.6,0.8,1.0,1.0,0.4,0.7,0.5,0.7,0.5,0.4,0.8,1.0,0.8,0.4,0.5,0.8
195,0.9,0.8,1.0,1.0,0.9,0.8,0.5,0.4,1.0,1.0,1.0,1.0,1.0,1.0,1.0,1.0,1.0,1.0,1.0,1.0,1.0,0.7,0.9,1.0,1.0,1.0,0.7,1.0,0.9,0.7,0.5,1.0,0.7,0.8,0.2,0.1,0.2,0.8,1.0,0.6,0.8,0.6,0.8,0.9,0.8,0.8,1.0,0.9,1.0,0.5,0.9,0.9,0.6,0.3,0.8,0.8,0.7,0.6,0.8,0.9,1.0,0.6,0.7,0.5,0.8,0.9,0.6,0.7,0.9,0.7,0.5,0.9,0.8,0.6,1.0,0.9,1.0,0.9,0.4,0.4,0.9,0.9,0.6,0.4,0.9,0.8,0.7,0.2,0.7,0.8
196,0.8,0.7,1.0,1.0,1.0,1.0,0.8,0.9,0.9,1.0,1.0,1.0,1.0,1.0,1.0,1.0,1.0,1.0,1.0,1.0,0.8,0.6,1.0,1.0,1.0,1.0,0.8,1.0,1.0,0.7,0.3,1.0,0.8,0.9,0.0,0.0,0.0,1.0,1.0,1.0,1.0,0.6,0.6,0.7,0.9,1.0,0.9,0.7,1.0,0.4,0.8,0.8,0.7,0.6,0.8,0.9,0.9,0.8,0.9,0.7,1.0,0.7,1.0,0.8,0.8,0.6,0.5,0.5,0.8,0.9,0.5,1.0,0.4,0.7,0.8,1.0,1.0,0.6,0.5,0.4,0.8,0.8,0.8,0.4,0.8,0.9,0.8,0.4,0.4,0.9
197,0.7,1.0,1.0,1.0,0.7,1.0,0.9,0.6,0.8,1.0,1.0,1.0,1.0,1.0,1.0,1.0,1.0,1.0,1.0,1.0,1.0,1.0,1.0,1.0,1.0,1.0,0.7,1.0,0.9,0.7,0.3,0.9,0.8,0.9,0.1,0.0,0.2,0.8,1.0,0.5,0.8,0.7,0.5,0.7,1.0,0.4,0.9,0.8,1.0,0.4,0.8,0.6,0.9,0.9,0.7,1.0,0.8,0.5,0.6,0.7,1.0,0.8,0.9,0.7,0.8,0.9,0.7,0.6,1.0,0.6,0.6,0.9,0.7,0.6,1.0,1.0,1.0,0.9,0.7,0.8,1.0,0.7,0.7,0.7,0.8,0.8,0.6,0.4,0.8,0.9
198,0.4,0.7,1.0,1.0,0.8,1.0,0.8,0.4,0.8,1.0,1.0,1.0,1.0,1.0,1.0,1.0,1.0,1.0,1.0,1.0,0.9,0.9,0.9,1.0,1.0,1.0,0.8,1.0,1.0,0.9,0.6,1.0,0.9,0.9,0.1,0.2,0.3,1.0,1.0,0.7,0.9,0.8,0.7,0.9,0.9,0.9,0.8,0.8,1.0,0.6,0.7,0.9,0.5,0.4,0.4,0.9,0.6,0.6,0.3,0.5,1.0,0.7,1.0,0.8,0.8,0.8,0.7,0.6,0.7,0.8,0.4,0.7,0.8,0.6,1.0,0.9,1.0,0.9,0.7,0.7,1.0,0.5,0.3,0.6,0.7,0.8,0.6,0.2,0.7,0.8
199,0.9,0.8,1.0,1.0,1.0,1.0,0.6,0.7,0.9,1.0,1.0,1.0,1.0,1.0,1.0,1.0,1.0,1.0,1.0,1.0,0.5,0.9,1.0,1.0,1.0,1.0,0.9,1.0,1.0,0.9,0.7,0.9,0.6,0.7,0.3,0.4,0.6,1.0,1.0,0.9,0.9,0.8,0.8,0.9,1.0,0.6,0.8,0.9,1.0,0.8,0.6,1.0,0.7,0.8,1.0,1.0,0.6,0.3,0.8,0.6,1.0,0.6,0.9,0.9,0.6,0.7,0.5,0.5,0.4,0.8,0.6,1.0,0.6,0.8,0.9,1.0,1.0,0.7,0.6,0.8,0.6,0.6,0.5,0.6,0.5,0.8,0.7,0.3,0.8,0.7
200,1.0,0.2,1.0,1.0,0.9,1.0,0.8,0.6,0.8,1.0,1.0,1.0,1.0,1.0,1.0,1.0,1.0,1.0,1.0,1.0,0.8,0.9,1.0,1.0,1.0,1.0,0.7,1.0,0.9,0.7,0.5,0.9,0.8,0.6,0.2,0.3,0.2,0.9,0.9,0.8,0.7,0.8,0.6,0.6,0.8,0.5,0.9,0.8,1.0,1.0,0.8,0.9,0.5,0.9,1.0,0.5,0.7,0.5,0.9,0.6,1.0,0.6,0.5,0.9,0.8,0.8,0.4,0.8,0.6,0.9,1.0,1.0,0.8,0.6,1.0,0.5,1.0,1.0,0.3,0.5,0.8,0.4,0.6,0.6,0.8,0.8,0.8,0.5,0.9,0.9
201,0.7,0.7,1.0,1.0,1.0,1.0,0.5,0.3,1.0,1.0,1.0,1.0,1.0,1.0,1.0,1.0,1.0,1.0,1.0,1.0,0.9,0.9,0.7,1.0,1.0,1.0,1.0,1.0,0.9,0.5,0.6,0.8,0.6,0.8,0.0,0.4,0.4,0.6,1.0,0.9,0.6,0.7,0.8,0.7,1.0,0.5,0.9,0.9,1.0,0.8,0.8,1.0,0.6,0.8,0.8,0.8,0.9,0.8,0.9,0.5,1.0,0.8,0.9,0.9,0.9,0.5,0.8,0.5,0.8,0.8,1.0,0.8,0.8,0.5,0.9,0.8,1.0,1.0,0.7,0.6,1.0,0.8,0.8,0.2,0.9,0.8,0.6,0.6,1.0,0.9
202,0.6,0.7,1.0,1.0,1.0,1.0,0.8,0.4,0.9,1.0,1.0,1.0,1.0,1.0,1.0,1.0,1.0,1.0,1.0,1.0,0.5,0.9,0.9,1.0,1.0,1.0,0.9,1.0,0.8,0.6,0.5,1.0,0.8,1.0,0.4,0.3,0.8,0.8,1.0,1.0,0.5,0.7,0.7,0.6,0.9,1.0,0.7,1.0,1.0,0.8,0.9,0.9,0.4,0.6,0.9,1.0,0.9,0.3,0.6,0.5,1.0,0.5,1.0,1.0,0.8,0.7,0.5,0.7,0.9,0.7,1.0,0.8,0.6,0.7,0.8,0.6,1.0,1.0,0.5,0.9,1.0,0.8,0.6,0.4,0.6,0.7,0.8,0.8,0.9,0.8
203,0.6,0.6,1.0,1.0,0.9,1.0,1.0,0.7,0.9,1.0,1.0,1.0,1.0,1.0,1.0,1.0,1.0,1.0,1.0,1.0,0.7,1.0,0.9,1.0,1.0,1.0,0.8,1.0,1.0,0.6,0.6,0.9,0.8,1.0,0.4,0.4,0.7,0.9,0.9,0.8,0.9,0.6,0.8,0.5,0.7,0.8,0.7,0.7,1.0,0.8,0.6,0.8,0.7,0.6,0.9,0.8,0.8,0.7,0.6,0.6,1.0,0.3,1.0,0.8,0.9,0.7,0.3,0.3,0.7,0.9,1.0,0.9,0.3,0.5,0.7,0.9,1.0,1.0,0.5,0.8,1.0,0.7,0.9,0.4,0.9,0.9,0.7,0.5,0.8,0.9
204,1.0,0.8,1.0,1.0,0.7,0.9,0.5,0.6,0.9,1.0,1.0,1.0,1.0,1.0,1.0,1.0,1.0,1.0,1.0,1.0,0.7,0.9,0.9,1.0,1.0,1.0,0.7,1.0,0.7,0.5,0.5,0.9,0.8,0.7,0.3,0.5,0.7,0.8,0.8,0.9,0.7,0.4,0.5,0.8,0.5,0.6,0.7,0.7,1.0,0.6,0.8,0.9,0.5,0.5,1.0,1.0,0.9,0.7,0.8,0.3,1.0,0.5,0.7,0.7,1.0,0.7,0.7,0.7,0.9,0.7,1.0,1.0,0.7,0.8,1.0,0.7,1.0,1.0,0.3,0.6,0.8,0.3,0.4,0.6,0.8,1.0,0.8,0.7,0.8,1.0
205,1.0,0.5,1.0,1.0,1.0,1.0,1.0,0.9,0.9,1.0,1.0,1.0,1.0,1.0,1.0,1.0,1.0,1.0,1.0,1.0,0.8,0.9,0.8,1.0,1.0,1.0,0.7,1.0,0.8,0.8,0.5,0.8,0.8,1.0,0.6,0.3,0.5,0.9,0.7,0.8,0.8,0.4,0.5,0.6,1.0,0.8,1.0,1.0,1.0,0.5,0.9,1.0,0.8,0.8,0.7,1.0,1.0,0.5,0.7,0.6,1.0,0.3,1.0,0.8,0.9,1.0,0.6,0.7,0.8,0.6,1.0,0.7,0.7,0.8,0.7,0.4,1.0,0.7,0.4,0.9,0.8,0.5,0.7,0.9,0.7,0.9,0.9,0.6,0.6,0.8
206,0.9,0.6,1.0,1.0,1.0,1.0,0.6,1.0,1.0,1.0,1.0,1.0,1.0,1.0,1.0,1.0,1.0,1.0,1.0,1.0,0.8,1.0,0.8,1.0,1.0,1.0,0.6,1.0,0.6,0.6,0.6,0.6,0.7,0.9,0.2,0.7,0.7,1.0,0.7,0.6,0.6,0.7,0.7,0.9,0.9,0.5,0.9,0.9,1.0,0.5,0.8,0.8,0.8,0.7,0.9,1.0,1.0,0.4,0.7,0.5,1.0,0.7,1.0,0.9,0.8,0.7,0.4,0.8,0.8,0.7,1.0,1.0,0.9,0.6,0.9,0.8,1.0,0.9,0.4,0.7,0.6,0.5,0.7,0.6,0.8,0.8,0.7,0.4,0.7,0.9
207,0.7,0.9,1.0,1.0,0.9,1.0,0.5,0.9,1.0,1.0,1.0,1.0,1.0,1.0,1.0,1.0,1.0,1.0,1.0,1.0,0.9,0.6,0.9,1.0,1.0,1.0,0.9,1.0,0.8,0.5,0.6,0.5,0.9,0.8,0.6,0.6,0.7,0.8,0.9,1.0,0.5,0.6,0.8,1.0,1.0,0.7,0.9,0.8,1.0,0.8,0.9,0.8,0.7,0.6,0.9,1.0,0.6,0.6,0.5,0.5,1.0,0.5,0.9,0.7,0.9,0.7,0.6,0.6,0.5,0.8,1.0,1.0,0.9,0.8,0.6,0.8,1.0,0.9,0.3,1.0,0.5,0.8,0.7,0.4,0.8,0.7,0.9,0.7,0.6,0.7
208,0.7,0.4,1.0,1.0,0.5,0.9,0.6,1.0,1.0,1.0,1.0,1.0,1.0,1.0,1.0,1.0,1.0,1.0,1.0,1.0,0.9,1.0,0.9,1.0,1.0,1.0,0.9,1.0,1.0,0.5,0.7,0.9,0.7,0.9,0.8,0.7,0.7,0.8,0.6,0.7,0.7,0.4,0.8,0.9,0.8,0.7,1.0,0.7,1.0,0.7,0.9,0.9,0.3,0.6,0.9,1.0,1.0,0.7,0.7,0.7,1.0,0.2,1.0,0.7,0.8,0.9,0.8,0.9,0.8,0.4,1.0,0.9,0.4,0.8,0.8,0.9,1.0,0.8,0.6,0.6,0.6,0.7,0.6,0.4,0.9,0.7,0.9,0.7,0.6,0.6
209,1.0,0.7,1.0,1.0,0.8,1.0,0.9,0.7,0.8,1.0,1.0,1.0,1.0,1.0,1.0,1.0,1.0,1.0,1.0,1.0,1.0,0.7,0.9,1.0,1.0,1.0,0.9,1.0,1.0,0.7,0.6,1.0,0.5,0.9,0.5,0.5,0.8,1.0,0.8,0.9,0.8,0.4,0.5,1.0,0.9,0.9,0.9,0.9,1.0,0.8,0.7,0.9,0.7,0.8,0.8,1.0,0.9,0.5,0.6,0.6,1.0,0.6,0.9,0.9,1.0,0.9,0.7,0.8,1.0,0.8,1.0,0.9,0.3,0.6,0.8,0.7,1.0,0.8,0.3,0.8,0.9,0.6,0.8,0.5,0.9,0.7,0.8,0.4,0.9,0.9
210,0.9,0.6,1.0,1.0,0.6,0.8,0.6,1.0,0.7,1.0,1.0,1.0,1.0,1.0,1.0,1.0,1.0,1.0,1.0,1.0,1.0,0.6,0.9,1.0,1.0,1.0,0.6,1.0,1.0,0.7,0.8,0.8,1.0,0.9,0.6,0.5,0.7,0.9,0.8,0.9,0.6,0.7,1.0,1.0,1.0,0.8,0.9,0.7,1.0,1.0,0.7,0.9,0.7,0.5,0.0,0.4,0.2,0.4,0.8,0.6,1.0,0.5,1.0,0.9,0.8,0.9,0.8,0.9,0.9,0.7,1.0,1.0,0.6,0.8,0.6,0.7,1.0,1.0,0.4,0.9,0.5,0.6,0.9,0.2,0.9,0.8,0.5,0.7,0.8,0.6
211,0.6,0.8,1.0,1.0,0.5,0.6,0.8,1.0,0.8,1.0,1.0,1.0,1.0,1.0,1.0,1.0,1.0,1.0,1.0,1.0,0.9,0.8,1.0,1.0,1.0,1.0,0.6,1.0,1.0,0.9,0.5,0.6,0.6,0.7,0.6,0.6,1.0,1.0,0.8,1.0,0.9,0.4,0.6,1.0,0.9,1.0,1.0,0.9,1.0,1.0,0.9,0.5,0.6,0.7,0.2,0.0,0.0,0.4,0.6,0.6,1.0,0.5,1.0,0.5,0.7,0.9,0.8,0.8,0.9,0.2,1.0,0.7,0.5,0.5,0.7,0.8,1.0,0.8,0.4,0.4,0.3,0.7,0.8,0.3,0.9,0.5,0.9,0.7,0.7,0.7
212,0.9,0.9,1.0,1.0,0.7,0.6,0.7,1.0,0.8,1.0,1.0,1.0,1.0,1.0,1.0,1.0,1.0,1.0,1.0,1.0,0.9,0.4,1.0,1.0,1.0,1.0,0.7,1.0,1.0,0.7,0.9,0.7,1.0,0.8,0.7,0.7,0.8,0.9,1.0,1.0,0.8,0.6,1.0,0.8,0.8,0.9,1.0,0.9,1.0,0.7,0.8,1.0,0.8,0.5,0.1,0.1,0.0,0.1,0.7,0.3,1.0,0.5,0.9,0.9,0.8,0.9,0.8,0.5,1.0,0.6,1.0,0.8,0.3,0.4,0.6,0.6,1.0,0.7,0.6,0.7,0.8,0.3,0.9,0.5,1.0,0.7,0.8,0.5,0.7,0.9
213,0.9,0.8,1.0,1.0,0.8,0.8,0.8,1.0,0.9,1.0,1.0,1.0,1.0,1.0,1.0,1.0,1.0,1.0,1.0,1.0,0.9,0.5,1.0,1.0,1.0,1.0,0.9,1.0,1.0,0.8,0.5,0.9,0.6,0.9,0.6,0.5,0.7,1.0,0.8,0.8,0.6,0.2,0.7,1.0,0.9,0.7,1.0,0.9,1.0,0.9,1.0,0.9,0.7,0.9,0.0,0.4,0.0,0.2,0.8,0.3,1.0,0.5,1.0,0.9,0.7,1.0,0.6,0.6,0.8,0.4,1.0,0.9,0.2,0.5,0.5,0.9,1.0,0.9,0.3,0.8,0.7,0.7,0.4,0.1,0.9,1.0,0.9,0.7,0.7,0.7
214,1.0,0.6,1.0,1.0,0.8,0.8,0.7,1.0,0.8,1.0,1.0,1.0,1.0,1.0,1.0,1.0,1.0,1.0,1.0,1.0,0.4,0.7,0.8,1.0,1.0,1.0,0.8,1.0,0.9,1.0,0.7,0.7,0.9,0.9,0.8,0.7,0.8,1.0,1.0,1.0,0.7,0.5,0.9,1.0,0.9,0.6,1.0,0.7,1.0,0.8,0.9,0.8,0.7,0.9,0.0,0.4,0.0,0.2,0.6,0.0,1.0,0.4,0.9,0.8,0.9,0.9,0.7,0.5,0.7,0.3,1.0,0.8,0.7,0.5,0.5,0.5,1.0,1.0,0.5,0.8,0.7,0.7,0.8,0.3,0.7,0.6,0.9,0.4,0.8,0.8
215,0.6,0.8,1.0,1.0,0.9,1.0,1.0,1.0,0.7,1.0,1.0,1.0,1.0,1.0,1.0,1.0,1.0,1.0,1.0,1.0,0.4,0.6,1.0,1.0,1.0,1.0,0.8,1.0,0.9,0.8,0.5,0.9,0.9,0.8,0.7,0.5,0.6,0.8,0.9,1.0,0.7,0.4,0.6,1.0,1.0,1.0,0.5,0.6,1.0,0.7,0.9,0.8,0.9,0.7,0.4,0.3,0.0,0.2,0.3,0.2,1.0,0.7,0.8,0.9,1.0,0.8,0.5,0.6,1.0,0.3,1.0,0.9,0.5,0.7,0.5,0.5,1.0,0.7,0.5,0.7,0.7,0.4,0.6,0.4,1.0,0.7,0.8,0.6,0.5,0.6
216,1.0,0.7,1.0,1.0,0.8,1.0,0.9,0.9,0.9,1.0,1.0,1.0,1.0,1.0,1.0,1.0,1.0,1.0,1.0,1.0,0.7,0.8,0.8,1.0,1.0,1.0,0.6,1.0,0.9,0.7,0.6,0.7,0.9,0.9,0.8,0.5,0.8,1.0,1.0,1.0,0.5,0.7,0.8,1.0,0.9,0.9,0.2,0.9,1.0,0.8,0.8,1.0,0.6,0.8,0.5,0.6,0.0,0.3,0.7,0.4,1.0,0.7,1.0,1.0,0.9,0.9,0.6,1.0,0.9,0.4,1.0,0.9,0.7,0.9,0.6,0.5,1.0,0.8,0.6,1.0,0.9,0.8,0.8,0.5,1.0,0.8,0.7,0.4,0.6,1.0
217,0.7,1.0,1.0,1.0,0.7,1.0,0.8,1.0,1.0,1.0,1.0,1.0,1.0,1.0,1.0,1.0,1.0,1.0,1.0,1.0,0.9,0.6,0.8,1.0,1.0,1.0,0.4,1.0,0.9,0.8,1.0,0.7,0.9,0.9,0.5,0.8,0.6,0.9,0.9,1.0,0.7,0.6,0.9,0.8,0.9,0.8,0.7,0.5,1.0,0.5,0.9,1.0,0.7,0.8,0.4,0.8,0.1,0.2,0.7,0.3,1.0,0.5,0.9,0.9,1.0,0.7,0.8,0.7,0.8,0.5,1.0,0.5,0.3,0.5,0.6,0.6,1.0,1.0,0.7,0.8,0.8,0.4,0.7,0.8,0.9,0.9,0.8,0.8,0.7,0.6
218,0.9,0.7,1.0,1.0,0.8,1.0,0.8,0.9,0.9,1.0,1.0,1.0,1.0,1.0,1.0,1.0,1.0,1.0,1.0,1.0,1.0,0.6,0.9,1.0,1.0,1.0,0.6,1.0,0.9,0.5,0.8,0.7,0.9,1.0,0.6,0.9,1.0,1.0,1.0,0.8,0.6,0.7,0.4,0.9,1.0,0.6,0.8,0.8,1.0,0.6,0.7,0.7,0.5,0.9,0.5,0.7,0.4,0.5,0.3,0.3,1.0,0.7,0.8,0.9,0.8,0.8,0.7,0.4,0.8,0.3,1.0,0.8,0.7,0.4,0.5,0.7,1.0,0.9,0.7,0.8,0.5,0.7,0.8,0.6,1.0,0.8,0.6,0.5,0.8,0.8
219,0.9,0.9,1.0,1.0,1.0,1.0,1.0,0.7,0.3,1.0,1.0,1.0,1.0,1.0,1.0,1.0,1.0,1.0,1.0,1.0,0.9,0.4,0.3,1.0,1.0,1.0,0.9,1.0,0.9,0.5,0.5,0.8,0.8,0.9,0.4,0.8,0.9,0.9,0.9,0.8,0.6,0.4,0.6,0.9,0.9,0.8,0.5,0.5,1.0,0.3,0.9,0.8,0.3,0.5,0.5,0.5,0.3,0.5,0.4,0.6,1.0,0.4,0.9,0.9,0.7,0.8,0.4,0.4,0.4,0.7,1.0,1.0,0.7,0.6,0.5,0.6,1.0,1.0,0.5,0.6,0.4,0.5,0.8,0.6,0.5,0.9,0.9,0.4,0.7,0.6
220,0.9,0.9,1.0,1.0,0.9,1.0,0.7,0.9,0.2,1.0,1.0,1.0,1.0,1.0,1.0,1.0,1.0,1.0,1.0,1.0,1.0,0.3,1.0,1.0,1.0,1.0,0.7,1.0,0.9,0.8,0.6,1.0,0.8,0.8,0.5,0.6,0.8,0.8,1.0,1.0,0.6,0.7,1.0,0.9,0.9,0.8,0.7,0.7,1.0,0.7,1.0,0.9,0.4,0.4,0.7,0.3,0.4,0.4,0.7,0.7,1.0,0.6,0.8,0.9,0.9,0.9,0.7,0.4,0.9,0.5,1.0,0.9,0.5,0.3,0.8,0.7,1.0,1.0,0.4,0.7,0.8,0.6,0.6,0.2,0.8,0.5,0.6,0.5,0.9,1.0
221,0.6,0.8,1.0,1.0,0.9,1.0,1.0,0.6,0.6,1.0,1.0,1.0,1.0,1.0,1.0,1.0,1.0,1.0,1.0,1.0,0.9,0.4,0.7,1.0,1.0,1.0,0.7,1.0,0.8,0.6,0.6,1.0,0.9,1.0,0.7,0.5,0.9,0.8,0.9,0.7,0.7,0.6,0.6,1.0,0.7,0.9,0.9,0.8,1.0,0.5,0.8,0.6,0.4,0.6,0.5,0.3,0.2,0.4,0.8,0.2,1.0,0.6,0.8,0.7,0.7,0.9,0.4,0.5,0.9,0.5,1.0,0.9,0.4,0.6,0.8,0.8,1.0,1.0,0.3,0.5,0.4,0.5,0.6,0.5,1.0,0.7,0.8,0.3,0.6,0.9
222,0.7,1.0,1.0,1.0,1.0,0.9,1.0,0.9,0.7,1.0,1.0,1.0,1.0,1.0,1.0,1.0,1.0,1.0,1.0,1.0,0.7,0.2,0.8,1.0,1.0,1.0,1.0,1.0,0.9,0.8,0.6,0.8,0.9,0.9,0.7,0.7,1.0,1.0,0.9,1.0,0.7,0.5,0.8,1.0,0.6,0.8,0.7,0.9,1.0,0.5,0.7,0.8,0.5,0.7,0.7,0.2,0.5,0.1,0.4,0.3,1.0,0.6,0.9,0.7,0.9,0.9,0.8,0.3,0.5,0.4,1.0,0.9,0.6,0.9,0.6,0.7,1.0,0.8,0.5,0.6,0.2,1.0,0.8,0.7,0.9,0.9,0.9,0.4,0.8,0.6
223,0.9,0.9,1.0,1.0,1.0,1.0,0.9,1.0,0.7,1.0,1.0,1.0,1.0,1.0,1.0,1.0,1.0,1.0,1.0,1.0,1.0,0.0,0.6,1.0,1.0,1.0,0.5,1.0,0.9,0.6,0.8,0.9,0.9,0.7,0.7,0.5,0.6,0.8,1.0,0.8,0.7,0.5,0.9,0.8,0.8,0.9,0.7,0.8,1.0,0.6,0.9,1.0,0.6,0.9,0.8,0.6,0.2,0.3,0.7,0.3,1.0,0.5,1.0,0.8,1.0,0.8,0.9,0.6,1.0,0.3,1.0,0.9,0.6,0.5,0.4,0.9,1.0,0.9,0.8,0.8,0.5,0.9,0.5,0.6,0.8,1.0,1.0,0.2,0.6,1.0
224,0.7,0.7,1.0,1.0,1.0,1.0,0.7,0.7,0.7,1.0,1.0,1.0,1.0,1.0,1.0,1.0,1.0,1.0,1.0,1.0,0.4,0.6,0.6,1.0,1.0,1.0,0.3,1.0,0.8,0.8,0.9,0.7,0.8,0.9,0.6,0.4,1.0,1.0,1.0,1.0,0.7,0.5,1.0,1.0,0.8,0.7,1.0,0.9,1.0,0.5,0.8,0.9,0.6,0.9,0.8,0.3,0.5,0.4,0.7,0.4,1.0,0.4,1.0,0.8,0.9,0.9,0.3,0.5,0.8,0.6,1.0,0.9,0.4,0.6,0.5,0.7,1.0,0.8,0.3,0.7,0.3,0.9,0.5,0.1,1.0,0.9,0.8,0.3,0.7,0.9
225,0.7,0.8,1.0,1.0,0.8,0.9,0.8,0.7,0.5,1.0,1.0,1.0,1.0,1.0,1.0,1.0,1.0,1.0,1.0,1.0,0.9,0.4,0.7,1.0,1.0,1.0,0.7,1.0,1.0,0.7,0.6,0.7,0.8,0.8,0.3,0.3,0.5,0.9,1.0,1.0,0.7,0.6,0.8,0.9,0.5,0.5,0.8,0.6,1.0,0.6,0.8,0.8,0.4,0.7,0.8,0.3,0.4,0.1,0.8,0.2,1.0,0.6,1.0,0.9,0.8,1.0,0.9,0.2,0.7,0.4,1.0,0.8,0.8,0.5,0.5,0.9,1.0,0.8,0.6,0.6,0.4,0.8,0.7,0.3,0.9,1.0,0.7,0.3,0.7,0.9
226,0.5,0.9,1.0,1.0,0.9,0.9,0.9,0.9,0.6,1.0,1.0,1.0,1.0,1.0,1.0,1.0,1.0,1.0,1.0,1.0,0.7,0.4,0.7,1.0,1.0,1.0,0.4,1.0,1.0,0.6,0.7,0.7,0.8,0.8,0.7,0.7,0.9,1.0,1.0,1.0,0.7,0.6,0.9,1.0,0.8,0.7,0.9,0.6,1.0,0.6,0.6,0.7,0.3,0.8,0.9,0.7,0.3,0.5,0.6,0.3,1.0,0.5,1.0,0.8,1.0,1.0,0.8,0.1,0.6,0.6,1.0,0.9,0.8,0.5,0.7,0.8,1.0,0.8,0.4,0.6,0.5,0.6,0.8,0.4,1.0,0.6,0.6,0.8,0.7,0.5
227,0.5,1.0,1.0,1.0,0.6,1.0,0.4,0.7,0.7,1.0,1.0,1.0,1.0,1.0,1.0,1.0,1.0,1.0,1.0,1.0,0.9,0.5,0.9,1.0,1.0,1.0,0.6,1.0,1.0,0.8,0.5,0.8,0.9,0.8,0.3,0.6,0.8,0.8,1.0,1.0,0.7,0.6,0.6,0.9,0.8,0.9,1.0,0.8,1.0,0.9,0.7,0.5,0.6,0.5,0.3,0.5,0.1,0.4,0.4,0.2,1.0,0.6,1.0,0.7,0.7,1.0,1.0,0.4,0.7,0.5,1.0,0.9,0.7,0.2,0.6,0.9,1.0,0.8,0.5,0.6,0.2,0.8,0.5,0.1,0.9,0.7,0.7,0.8,0.7,0.8
228,0.4,0.7,1.0,1.0,0.8,1.0,0.4,0.5,0.4,1.0,1.0,1.0,1.0,1.0,1.0,1.0,1.0,1.0,1.0,1.0,0.6,0.5,0.8,1.0,1.0,1.0,0.5,1.0,1.0,0.8,0.9,0.7,0.9,0.8,0.1,0.7,0.8,1.0,1.0,0.9,0.7,0.5,0.7,0.8,1.0,0.7,0.7,0.8,1.0,0.6,1.0,0.5,0.4,0.8,0.6,0.7,0.3,0.1,0.5,0.5,1.0,0.5,1.0,0.4,0.6,0.8,0.9,0.9,0.8,0.8,1.0,0.9,0.5,0.5,0.9,1.0,1.0,0.5,0.5,0.3,0.2,0.9,0.2,0.2,1.0,0.9,0.8,0.8,0.8,1.0
229,0.6,0.8,1.0,1.0,0.9,1.0,0.9,1.0,0.8,1.0,1.0,1.0,1.0,1.0,1.0,1.0,1.0,1.0,1.0,1.0,0.7,0.3,0.4,1.0,1.0,1.0,0.3,1.0,1.0,0.9,0.7,1.0,0.8,0.6,0.2,0.7,0.9,0.9,0.9,0.8,0.8,0.2,0.8,0.7,0.7,0.7,1.0,0.9,1.0,0.9,0.7,0.6,0.6,0.8,0.7,0.6,0.4,0.3,0.6,0.1,1.0,0.6,1.0,0.9,0.7,0.8,0.9,0.9,0.4,0.8,1.0,1.0,0.3,0.6,0.5,0.9,1.0,0.5,0.4,0.4,0.3,0.8,0.4,0.0,0.9,0.9,0.9,0.6,0.8,0.5
230,0.4,1.0,1.0,1.0,0.9,1.0,0.8,1.0,1.0,1.0,1.0,1.0,1.0,1.0,1.0,1.0,1.0,1.0,1.0,1.0,0.5,0.2,0.9,1.0,1.0,1.0,0.3,1.0,1.0,0.8,0.6,0.9,1.0,0.7,0.0,0.6,0.4,1.0,0.8,0.8,0.6,0.2,0.7,0.9,1.0,0.6,0.9,0.7,1.0,0.2,0.9,0.7,0.9,0.6,0.8,0.7,0.2,0.1,0.8,0.4,1.0,0.6,0.9,1.0,0.4,0.7,0.6,0.5,1.0,1.0,1.0,0.8,0.4,0.4,0.7,1.0,1.0,0.7,0.6,0.1,0.2,0.7,0.6,0.3,0.8,0.7,0.6,1.0,0.7,0.7
231,0.5,1.0,1.0,1.0,0.9,0.7,0.6,0.8,1.0,1.0,1.0,1.0,1.0,1.0,1.0,1.0,1.0,1.0,1.0,1.0,0.4,0.6,0.6,1.0,1.0,1.0,0.7,1.0,1.0,0.9,0.5,0.9,0.7,0.5,0.2,0.7,0.6,1.0,0.6,0.6,0.7,0.2,0.4,1.0,0.9,0.6,0.8,1.0,1.0,0.4,0.9,0.9,0.2,0.8,0.8,0.8,0.4,0.5,0.7,0.3,1.0,0.7,1.0,0.8,0.8,0.8,0.7,0.6,0.8,0.6,1.0,0.8,0.3,0.3,0.6,0.9,1.0,0.5,0.5,0.5,0.2,0.8,0.4,0.8,0.6,0.9,0.7,0.6,0.6,0.9
232,0.7,1.0,1.0,1.0,1.0,0.9,0.7,0.8,0.8,1.0,1.0,1.0,1.0,1.0,1.0,1.0,1.0,1.0,1.0,1.0,0.3,0.3,0.8,1.0,1.0,1.0,0.8,1.0,1.0,0.7,0.8,0.8,1.0,1.0,0.3,0.3,0.8,1.0,0.8,1.0,0.5,0.4,0.8,0.9,1.0,0.8,0.9,0.7,1.0,0.5,0.8,0.9,0.4,0.8,0.9,0.5,0.5,0.5,0.7,0.4,1.0,0.8,0.9,0.8,0.8,0.8,0.6,0.7,0.8,0.8,1.0,1.0,0.6,0.2,0.4,0.8,1.0,0.4,0.4,0.3,0.4,0.6,0.5,0.4,0.6,0.5,0.7,0.8,0.8,0.6
233,0.9,0.9,1.0,1.0,0.9,1.0,0.2,0.7,0.9,1.0,1.0,1.0,1.0,1.0,1.0,1.0,1.0,1.0,1.0,1.0,0.7,0.8,0.5,1.0,1.0,1.0,0.6,1.0,1.0,0.9,0.6,0.9,0.7,0.8,0.7,0.5,0.6,0.9,1.0,0.9,0.8,0.6,0.5,0.8,1.0,0.8,0.9,0.4,1.0,0.8,0.9,0.7,0.2,0.6,0.8,0.6,0.5,0.4,0.5,0.2,1.0,0.6,0.9,0.7,1.0,0.9,0.8,0.6,0.8,0.7,1.0,0.9,0.6,0.3,0.5,1.0,1.0,0.5,0.4,0.6,0.6,0.5,0.5,0.6,0.8,0.7,0.5,0.7,0.8,0.4
234,1.0,0.8,1.0,1.0,1.0,1.0,0.3,0.9,0.8,1.0,1.0,1.0,1.0,1.0,1.0,1.0,1.0,1.0,1.0,1.0,0.7,0.7,0.8,1.0,1.0,1.0,0.7,1.0,1.0,0.9,0.8,0.8,0.9,0.5,0.8,0.3,0.8,0.9,1.0,1.0,0.6,0.6,0.9,0.8,1.0,0.9,0.7,0.8,1.0,0.4,0.9,0.6,0.6,0.8,0.6,0.9,0.4,0.3,0.8,0.2,1.0,0.7,0.7,0.8,0.9,1.0,0.6,1.0,0.8,0.4,1.0,0.9,0.6,0.4,0.9,0.7,1.0,0.7,0.4,0.6,0.4,0.6,0.5,0.8,0.7,0.7,0.5,0.4,0.8,0.4
235,0.9,0.9,1.0,1.0,1.0,0.9,0.8,0.8,1.0,1.0,1.0,1.0,1.0,1.0,1.0,1.0,1.0,1.0,1.0,1.0,0.1,0.8,0.5,1.0,1.0,1.0,0.8,1.0,1.0,0.9,0.4,0.7,1.0,0.9,0.8,0.2,0.9,0.9,0.8,0.8,0.9,0.3,0.3,0.8,1.0,0.9,0.5,1.0,1.0,0.7,0.9,0.7,0.5,1.0,0.7,0.7,0.3,0.3,0.4,0.2,1.0,0.4,0.6,0.8,0.9,0.9,0.9,0.4,0.5,0.3,1.0,0.9,0.8,0.5,0.4,0.4,1.0,0.7,0.6,0.9,0.2,0.7,0.6,0.6,0.7,1.0,0.7,0.4,0.9,0.8
236,0.9,0.8,1.0,1.0,1.0,0.8,0.7,0.8,0.9,1.0,1.0,1.0,1.0,1.0,1.0,1.0,1.0,1.0,1.0,1.0,0.7,0.9,1.0,1.0,1.0,1.0,0.7,1.0,1.0,0.7,0.7,0.8,0.7,0.8,0.5,0.6,0.8,1.0,1.0,1.0,0.6,0.8,0.9,0.9,0.8,0.9,0.8,0.8,1.0,1.0,0.9,0.5,0.7,0.6,0.8,0.9,0.2,0.2,0.6,0.2,1.0,0.7,0.9,1.0,0.9,1.0,0.7,0.6,0.7,0.4,1.0,0.7,0.8,0.6,0.5,0.6,1.0,0.6,0.6,0.6,0.5,0.5,0.8,0.5,0.7,0.6,0.8,0.4,0.9,0.7
237,1.0,0.8,1.0,1.0,1.0,1.0,0.5,0.7,0.7,1.0,1.0,1.0,1.0,1.0,1.0,1.0,1.0,1.0,1.0,1.0,0.7,0.7,0.7,1.0,1.0,1.0,0.9,1.0,1.0,0.6,0.4,0.9,1.0,0.7,0.6,0.5,0.7,0.9,0.9,0.7,0.6,0.4,0.4,1.0,0.9,0.8,0.7,0.7,1.0,0.9,0.8,0.8,0.6,0.9,0.8,0.9,0.2,0.4,0.5,0.0,1.0,0.8,0.8,0.9,1.0,1.0,0.9,0.5,0.8,0.3,1.0,0.8,0.6,0.7,0.6,1.0,1.0,0.9,0.5,0.7,0.4,0.6,0.5,0.6,1.0,0.8,0.8,0.4,0.7,0.7
238,0.8,0.9,1.0,1.0,1.0,1.0,0.5,0.9,0.6,1.0,1.0,1.0,1.0,1.0,1.0,1.0,1.0,1.0,1.0,1.0,0.8,0.5,0.5,1.0,1.0,1.0,0.7,1.0,1.0,0.9,0.6,0.8,0.5,0.9,0.7,0.6,0.8,1.0,0.9,0.7,0.9,0.6,0.7,1.0,0.7,1.0,0.7,0.5,1.0,1.0,1.0,0.6,0.4,0.7,0.6,0.9,0.3,0.1,0.2,0.2,1.0,0.6,0.8,0.8,1.0,0.8,0.7,0.7,0.8,0.2,1.0,0.7,0.5,0.5,0.7,1.0,1.0,0.6,0.5,0.9,0.4,0.6,0.3,0.4,0.9,1.0,0.5,0.1,0.7,0.2
239,1.0,0.6,1.0,1.0,0.9,0.8,0.4,0.7,0.9,1.0,1.0,1.0,1.0,1.0,1.0,1.0,1.0,1.0,1.0,1.0,0.8,0.7,0.8,1.0,1.0,1.0,0.9,1.0,1.0,0.5,0.0,0.7,0.6,0.9,0.7,0.7,0.8,1.0,1.0,0.8,0.7,0.1,0.6,0.9,0.6,0.9,0.7,0.7,1.0,0.9,0.9,0.7,0.7,0.8,0.8,0.9,0.5,0.3,0.7,0.0,1.0,0.3,1.0,0.7,1.0,1.0,0.7,0.6,0.9,0.4,1.0,0.7,0.1,0.4,0.6,0.9,1.0,1.0,0.5,0.4,0.3,0.5,0.3,0.4,0.9,0.7,0.4,0.6,0.9,0.5
240,1.0,0.8,1.0,1.0,1.0,1.0,0.5,0.7,1.0,1.0,1.0,1.0,1.0,1.0,1.0,1.0,1.0,1.0,1.0,1.0,0.7,0.5,0.9,1.0,1.0,1.0,0.8,1.0,1.0,0.8,0.5,0.7,0.9,0.5,0.8,0.8,0.7,1.0,0.9,1.0,0.9,0.3,0.6,0.9,0.9,1.0,0.8,0.7,1.0,0.9,1.0,0.8,0.4,0.8,0.8,0.8,0.1,0.4,0.5,0.2,1.0,0.5,1.0,0.7,0.9,0.9,0.7,0.8,0.9,0.1,1.0,1.0,0.6,0.5,0.6,1.0,1.0,0.7,0.4,0.5,0.7,0.7,0.5,0.4,1.0,0.9,0.5,0.3,0.6,0.7
241,0.9,0.7,1.0,1.0,1.0,1.0,0.3,0.5,0.7,1.0,1.0,1.0,1.0,1.0,1.0,1.0,1.0,1.0,1.0,1.0,0.7,0.4,0.4,1.0,1.0,1.0,0.5,1.0,1.0,0.8,0.3,0.7,0.9,0.8,0.5,0.3,1.0,1.0,1.0,1.0,1.0,0.4,0.4,1.0,0.7,1.0,0.8,0.7,1.0,0.8,1.0,0.7,0.5,0.8,0.7,0.7,0.3,0.3,0.5,0.2,1.0,0.4,0.9,1.0,0.8,1.0,0.6,0.8,0.7,0.3,1.0,0.9,0.3,0.1,0.4,1.0,1.0,0.8,0.5,0.3,0.7,0.6,0.8,0.4,1.0,0.9,0.5,0.5,0.8,0.5
242,1.0,0.9,1.0,1.0,1.0,1.0,0.3,0.8,0.9,1.0,1.0,1.0,1.0,1.0,1.0,1.0,1.0,1.0,1.0,1.0,0.8,0.9,0.9,1.0,1.0,1.0,0.8,1.0,1.0,0.7,0.3,0.7,0.7,0.9,0.6,1.0,0.8,1.0,1.0,0.9,0.7,0.6,0.7,0.9,0.8,1.0,0.9,0.7,1.0,0.7,1.0,0.4,0.5,0.5,0.9,1.0,0.2,0.3,0.6,0.2,1.0,0.5,1.0,0.9,1.0,1.0,0.6,0.7,0.6,0.2,1.0,1.0,0.5,0.4,0.4,0.9,1.0,0.8,0.6,0.5,0.7,0.3,0.6,0.5,1.0,0.9,0.3,0.6,0.7,0.9
243,1.0,1.0,1.0,1.0,1.0,1.0,0.4,0.8,0.7,1.0,1.0,1.0,1.0,1.0,1.0,1.0,1.0,1.0,1.0,1.0,1.0,0.4,0.8,1.0,1.0,1.0,0.8,1.0,1.0,0.5,0.3,0.5,0.7,1.0,0.8,0.8,0.8,1.0,1.0,0.8,0.8,0.6,0.5,0.7,0.5,1.0,0.9,0.8,1.0,0.9,0.7,0.8,0.4,0.8,0.9,1.0,0.2,0.3,0.6,0.3,1.0,0.4,1.0,1.0,1.0,0.8,0.8,0.4,0.8,0.3,1.0,0.5,0.6,0.4,0.4,1.0,1.0,0.8,0.5,0.5,0.8,0.4,0.8,0.8,0.9,0.8,0.7,0.7,0.7,0.9
244,1.0,1.0,1.0,1.0,1.0,0.9,0.6,0.5,0.5,1.0,1.0,1.0,1.0,1.0,1.0,1.0,1.0,1.0,1.0,1.0,0.6,0.4,0.8,1.0,1.0,1.0,0.7,1.0,1.0,0.5,0.2,0.7,0.9,1.0,0.4,0.6,0.8,1.0,0.9,1.0,0.8,0.5,0.4,0.7,0.6,0.8,0.7,0.8,1.0,0.9,0.8,0.9,0.5,1.0,0.7,0.9,0.3,0.5,0.9,0.3,1.0,0.3,0.9,0.7,1.0,0.8,0.8,0.3,0.3,0.3,1.0,0.9,0.4,0.5,0.6,0.5,1.0,0.9,0.7,0.8,0.8,0.6,0.9,0.4,0.8,0.8,0.5,0.5,0.8,0.9
245,1.0,1.0,1.0,1.0,0.9,1.0,0.7,0.8,0.9,1.0,1.0,1.0,1.0,1.0,1.0,1.0,1.0,1.0,1.0,1.0,0.8,0.2,0.8,1.0,1.0,1.0,0.9,1.0,1.0,0.8,0.6,0.5,0.9,1.0,0.7,0.8,0.6,0.9,1.0,0.8,0.9,0.8,0.8,0.9,1.0,0.9,0.8,0.8,1.0,0.9,0.9,0.8,0.4,0.9,1.0,0.7,0.6,0.7,0.3,0.4,1.0,0.6,1.0,0.8,0.8,0.7,0.6,0.3,0.8,0.2,1.0,1.0,0.3,0.5,0.6,0.6,1.0,0.6,0.5,0.8,0.5,0.6,0.3,0.6,1.0,1.0,0.7,0.8,0.8,0.7
246,1.0,0.8,1.0,1.0,1.0,1.0,0.4,0.6,0.8,1.0,1.0,1.0,1.0,1.0,1.0,1.0,1.0,1.0,1.0,1.0,0.9,0.5,0.9,1.0,1.0,1.0,0.8,1.0,1.0,0.6,0.3,0.4,0.8,0.7,0.9,0.9,0.4,1.0,0.7,0.7,0.8,0.6,0.7,0.9,0.8,0.9,0.8,0.8,1.0,0.8,0.9,0.8,0.6,0.8,0.9,0.9,0.7,0.9,0.8,0.7,1.0,0.3,0.9,0.9,0.8,0.7,0.7,0.4,0.8,0.6,1.0,0.6,0.2,0.5,0.6,0.8,1.0,0.4,0.7,0.8,0.6,0.9,0.2,0.4,0.9,0.8,0.8,0.5,0.9,1.0
247,1.0,0.9,1.0,1.0,0.9,1.0,0.6,0.7,0.9,1.0,1.0,1.0,1.0,1.0,1.0,1.0,1.0,1.0,1.0,1.0,0.7,0.4,1.0,1.0,1.0,1.0,0.7,1.0,1.0,0.4,0.4,0.8,0.7,0.7,0.7,0.7,0.7,0.9,0.9,0.8,0.8,0.5,0.6,0.7,0.8,0.7,0.9,0.9,1.0,0.7,0.9,0.7,0.5,0.6,0.8,0.8,0.9,0.3,0.5,0.4,1.0,0.3,0.7,1.0,0.7,0.9,0.6,0.7,0.7,0.4,1.0,0.9,0.3,0.6,0.4,0.8,1.0,0.4,0.3,0.7,0.5,0.6,0.2,0.5,1.0,0.8,0.5,0.7,0.9,0.9
248,0.9,0.3,1.0,1.0,1.0,1.0,0.7,0.8,0.8,1.0,1.0,1.0,1.0,1.0,1.0,1.0,1.0,1.0,1.0,1.0,0.5,0.4,1.0,1.0,1.0,1.0,0.8,1.0,1.0,0.6,0.4,0.5,0.8,0.8,0.6,0.7,0.6,0.9,0.6,0.8,0.8,0.8,0.6,0.9,0.8,0.9,0.9,0.9,1.0,0.5,1.0,0.9,0.4,0.8,0.8,0.7,0.7,0.7,0.7,0.4,1.0,0.6,0.9,0.9,0.9,1.0,0.7,0.5,0.5,0.4,1.0,0.7,0.3,0.6,0.6,0.8,1.0,0.8,0.4,0.8,0.5,0.7,0.3,0.9,0.8,0.7,0.4,0.6,1.0,0.9
249,1.0,0.9,1.0,1.0,0.9,1.0,0.9,0.9,0.8,1.0,1.0,1.0,1.0,1.0,1.0,1.0,1.0,1.0,1.0,1.0,0.7,0.7,1.0,1.0,1.0,1.0,0.4,1.0,1.0,0.5,0.4,0.5,0.5,1.0,0.5,0.8,0.7,1.0,0.6,1.0,0.6,0.7,1.0,0.9,0.6,0.9,0.5,0.8,1.0,0.7,0.9,0.6,0.6,0.5,0.8,1.0,0.8,0.6,0.9,0.5,1.0,0.3,1.0,1.0,0.8,0.9,0.7,0.2,0.3,0.4,1.0,0.8,0.1,0.4,0.6,1.0,1.0,0.3,0.5,0.6,0.6,0.9,0.0,0.8,0.8,0.8,0.9,0.6,0.9,0.8
